t,heart_period vs. t
0.0,0.9471306928297397
0.01,0.9554168862771871
0.02,0.9558118006531159
0.03,0.9464953628198848
0.04,0.9485240696250816
0.05,0.9434799880726579
0.06,0.9525140307609051
0.07,0.9527393185429082
0.08,0.9495918525383569
0.09,0.9475715176552187
0.1,0.9536180615973584
0.11,0.9463886765711295
0.12,0.958248858270276
0.13,0.9539480039149252
0.14,0.949167313166068
0.15,0.9581447597017683
0.16,0.9512738052333582
0.17,0.95789528507264
0.18,0.9575312318355547
0.19,0.9531594378624277
0.2,0.9587827377993978
0.21,0.9575398615579988
0.22,0.9539399717320276
0.23,0.9517069671270929
0.24,0.9543583645615026
0.25,0.9555537343991061
0.26,0.9587430256756545
0.27,0.9567917994969254
0.28,0.9640039195266275
0.29,0.9639038531447337
0.3,0.9574354084550475
0.31,0.9630456243682751
0.32,0.9513990646275581
0.33,0.9598863541804168
0.34,0.9609967307629987
0.35,0.956661694279308
0.36,0.9690038790280217
0.37,0.9689804950783136
0.38,0.9658033079686144
0.39,0.9582828006669084
0.4,0.9741149844046897
0.41,0.9639721819786555
0.42,0.9685817453842518
0.43,0.9744132330647932
0.44,0.9724120983496249
0.45,0.9607705760923123
0.46,0.9632765685918834
0.47,0.971666013529855
0.48,0.9678374893863716
0.49,0.9603780451944463
0.5,0.9593594304874863
0.51,0.9605444467659441
0.52,0.9653144411537184
0.53,0.9700337212031849
0.54,0.9651283366595939
0.55,0.9660876472681781
0.56,0.967485012760953
0.5700000000000001,0.9655175934923732
0.58,0.9613707359905247
0.59,0.9681526062483898
0.6,0.9617720673265125
0.61,0.9676497250499401
0.62,0.977872506768252
0.63,0.9732247985469555
0.64,0.9593265557433204
0.65,0.9693514662153648
0.66,0.9722939757322875
0.67,0.9674146973902298
0.68,0.9778472161287041
0.6900000000000001,0.9709815199100885
0.7000000000000001,0.9670473692555386
0.71,0.9728502801728527
0.72,0.9716453836501207
0.73,0.9669776069540287
0.74,0.969564018551781
0.75,0.9663664337038568
0.76,0.9737774904943107
0.77,0.9696449869528165
0.78,0.9662576107416359
0.79,0.9669725178081294
0.8,0.9717766784725853
0.81,0.963636091939958
0.8200000000000001,0.9748526285159252
0.8300000000000001,0.9674956453801332
0.84,0.971048679196756
0.85,0.9731484844766706
0.86,0.9659133491858309
0.87,0.9787001392047849
0.88,0.9615445008358618
0.89,0.9704980370196991
0.9,0.9749395024104344
0.91,0.9725443705429436
0.92,0.9768489542783302
0.93,0.9739171617779389
0.94,0.9701432438388303
0.95,0.9690567376447621
0.96,0.963764975156503
0.97,0.9704643026256262
0.98,0.9747193917551222
0.99,0.9639094541028085
1.0,0.9661907689984481
1.01,0.9721846544563656
1.02,0.9654116203591018
1.03,0.9668623495418812
1.04,0.9713393886836638
1.05,0.9731385098521649
1.06,0.9748618056635998
1.07,0.9649759456857968
1.08,0.9707162106457297
1.09,0.9623771081168303
1.1,0.9651473912571008
1.11,0.9684737031985553
1.12,0.9713704012597555
1.13,0.9740971468675141
1.14,0.9703834222366873
1.15,0.9682730863930369
1.16,0.9685944019646611
1.17,0.9761606869519597
1.18,0.9774373086890574
1.19,0.9769476792347701
1.2,0.9775352615588909
1.21,0.976417464409372
1.22,0.967170924311013
1.23,0.9766418469698834
1.24,0.979837624048432
1.25,0.9761996906043185
1.26,0.9692244172889055
1.27,0.9778001193325346
1.28,0.9736437658643672
1.29,0.9749913323077818
1.3,0.9742136092412502
1.31,0.9722707696759451
1.32,0.9684517062273146
1.33,0.9815099823254897
1.34,0.9760570982055659
1.35,0.9876837339907925
1.36,0.9849751073529147
1.37,0.9814426894259587
1.38,0.9822654553736291
1.39,0.9924475326553982
1.4,0.9714624575232619
1.41,0.9834005908030302
1.42,0.9941482740913081
1.43,0.9802892013883383
1.44,0.9797399481710732
1.45,0.9781957254452175
1.46,0.9786614941567835
1.47,0.9802579776660408
1.48,0.980929826682616
1.49,0.9873543059771676
1.5,0.9830852568412002
1.51,0.9829216222728844
1.52,0.9817854924246747
1.53,0.9780718281826927
1.54,0.9938542624003395
1.55,0.9873573054660083
1.56,0.9786286743703461
1.57,0.987790455230216
1.58,0.9849966078879405
1.59,0.9814243385066221
1.6,0.9826231181758707
1.61,0.9802871412346978
1.62,0.9882353830139701
1.63,0.981570836694673
1.64,0.9832651241217024
1.65,0.9901443423158833
1.66,0.9767555134651684
1.67,0.9793413878713081
1.68,0.9783313481815468
1.69,0.9735764045008388
1.7,0.9782216116156707
1.71,0.9820470205093561
1.72,0.9773758060011478
1.73,0.9819201649853073
1.74,0.97356757596506
1.75,0.9794809310877616
1.76,0.9802672830440557
1.77,0.9830110412497683
1.78,0.9768353655136268
1.79,0.981588600774354
1.8,0.9816803347556726
1.81,0.9832270525153882
1.82,0.9763303894831299
1.83,0.9789797744067165
1.84,0.9742349279686925
1.85,0.9840732109940694
1.86,0.9723137223190853
1.87,0.9738478268731954
1.88,0.9719538754802328
1.89,0.9683196611688639
1.9,0.9738897676246573
1.91,0.9874098319139543
1.92,0.9787937086229256
1.93,0.9752900071055695
1.94,0.9791246990151461
1.95,0.9759966564721924
1.96,0.9771576978895161
1.97,0.9802625239283532
1.98,0.9756549190851589
1.99,0.9748714927211322
2.0,0.9747703823727005
2.01,0.975071678824454
2.02,0.9891173046762712
2.03,0.9774457850696445
2.04,0.980516257391247
2.05,0.9724023771425543
2.06,0.9812626242462842
2.07,0.9744899155203678
2.08,0.9881401059762636
2.09,0.9771046377375674
2.1,0.9775420623175294
2.11,0.9700434251496678
2.12,0.9814356402223786
2.13,0.9813361295205034
2.14,0.9731694599470293
2.15,0.9798947122190157
2.16,0.984491051768778
2.17,0.9741291773913346
2.18,0.9716432880160913
2.19,0.9803763679545617
2.2,0.9797762638734449
2.21,0.9843256362341888
2.22,0.9790400921158909
2.23,0.9797723236168229
2.24,0.9831759090437268
2.25,0.9784482098641205
2.26,0.9846819105415975
2.27,0.9841024409297198
2.28,0.9887505622245057
2.29,0.9745270567153769
2.3000000000000003,0.9861873884694992
2.31,0.9795081319429151
2.32,0.9833763922346423
2.33,0.9862415052822802
2.34,0.9804070581376033
2.35,0.994025750901256
2.36,0.9844990694261945
2.37,0.9854132086785122
2.38,0.9856225686599013
2.39,0.9857924163602165
2.4,0.9869243828373657
2.41,0.9891710538557368
2.42,0.9734039676380057
2.43,0.9779084708565968
2.44,0.9923304593679111
2.45,0.9892572682109514
2.46,0.989619502374527
2.47,0.9876821559590756
2.48,0.9901197453611172
2.49,0.9883508956222855
2.5,0.9843510983677091
2.51,0.9931640259607164
2.52,0.9935002416244725
2.53,0.9915819078771549
2.54,0.9893918089235203
2.5500000000000003,0.9878877957058383
2.56,0.987161142328022
2.57,0.9835874478111639
2.58,0.985557234967774
2.59,0.9770213740048893
2.6,0.9905600313437933
2.61,0.9860325385297534
2.62,0.9782270483516323
2.63,0.9783868097878803
2.64,0.9847584207505929
2.65,0.9886672332408644
2.66,0.9807951114995314
2.67,0.9740385419399059
2.68,0.9895719959395654
2.69,0.9769018079830559
2.7,0.9861055775866865
2.71,0.99266357036553
2.72,0.9788927948967406
2.73,0.9758729983117224
2.74,0.9848366024331565
2.75,0.9869638595033479
2.76,0.9773469882765556
2.77,0.9704685391880403
2.78,0.9754874184127166
2.79,0.9794983679561543
2.8000000000000003,0.99099557320107
2.81,0.9883460781423656
2.82,0.9813231238622432
2.83,0.9841278521328493
2.84,0.9826728900791847
2.85,0.9850344051439707
2.86,0.9843146838797663
2.87,0.9809982606881581
2.88,0.9737878983438331
2.89,0.9824384204959405
2.9,0.9797080093144197
2.91,0.9742332265527714
2.92,0.9856963027299815
2.93,0.9823755475607014
2.94,0.9825815136985013
2.95,0.976076991583922
2.96,0.9772253553414832
2.97,0.9790582706373785
2.98,0.9805360381113566
2.99,0.9737098359619077
3.0,0.9848283511472768
3.01,0.989336219451637
3.02,0.9833917876077017
3.03,0.9740659678655265
3.04,0.9700982485287077
3.0500000000000003,0.9766123056963346
3.06,0.9876421633156438
3.0700000000000003,0.9804179126195512
3.08,0.9808668102206445
3.09,0.9760676238432926
3.1,0.9759553426129511
3.11,0.9663154995755825
3.12,0.9864070278243257
3.13,0.981679325471778
3.14,0.9663130500436876
3.15,0.9781574563147992
3.16,0.9750935285413715
3.17,0.9802536323261596
3.18,0.9747972760759026
3.19,0.9788053081200359
3.2,0.9730948307125342
3.21,0.9774176002986179
3.22,0.9751203614700946
3.23,0.9849544382501575
3.24,0.9808196006883942
3.25,0.9741495807481751
3.26,0.986164950540047
3.27,0.9707447418794084
3.28,0.9805167068920337
3.29,0.9799654688433117
3.3000000000000003,0.9870893953732239
3.31,0.97926053975322
3.3200000000000003,0.9742160433838865
3.33,0.9754548560844087
3.34,0.9804539786123075
3.35,0.9829000016747248
3.36,0.974122089720492
3.37,0.9822375119961276
3.38,0.9775693803751777
3.39,0.9751236739746235
3.4,0.9783259121205086
3.41,0.9754797832641734
3.42,0.9714569616621826
3.43,0.9743308414078494
3.44,0.9765414147947926
3.45,0.9842544792077785
3.46,0.9788740025080871
3.47,0.9726183877118805
3.48,0.9773386310746492
3.49,0.9790341803292965
3.5,0.9727424929027881
3.51,0.9729790381071167
3.52,0.9721574644493854
3.53,0.9706474305775031
3.54,0.971945887374473
3.5500000000000003,0.9704320986447802
3.56,0.9611510836622568
3.5700000000000003,0.9636595499200356
3.58,0.9698036236972919
3.59,0.9670410627760119
3.6,0.9625367036765716
3.61,0.972119525916459
3.62,0.9726574188623739
3.63,0.9720105917746137
3.64,0.9644543592550101
3.65,0.9652994960559467
3.66,0.9824625975614876
3.67,0.9608610377467881
3.68,0.9635673242841719
3.69,0.9600735006293512
3.7,0.9616521927220166
3.71,0.953961452146877
3.72,0.9683134187519712
3.73,0.9643037191590477
3.74,0.9567840152783335
3.75,0.9522350689570029
3.76,0.9658068127799759
3.77,0.9645981765905298
3.78,0.9563720292883185
3.79,0.9589638793576012
3.8,0.9605650441629094
3.81,0.9539743456106117
3.82,0.955171219378721
3.83,0.9490487286391981
3.84,0.962699694180707
3.85,0.9554912645891351
3.86,0.951642372973195
3.87,0.9488266906740475
3.88,0.9489678471088676
3.89,0.9469376094173221
3.9,0.9478748334505538
3.91,0.9504248230995734
3.92,0.9485126186550868
3.93,0.9584833031762022
3.94,0.9484901637179012
3.95,0.9382015997475295
3.96,0.9439164083395521
3.97,0.9504674632122027
3.98,0.9477364990156043
3.99,0.9391231303378103
4.0,0.9464962293514736
4.01,0.9406807939610544
4.0200000000000005,0.9374589416752326
4.03,0.9488213825572884
4.04,0.9332123856224979
4.05,0.9561393327043309
4.0600000000000005,0.9444202873004689
4.07,0.9466574218822251
4.08,0.9463464663129227
4.09,0.9411172211967133
4.1,0.9414695033691641
4.11,0.9404716018735483
4.12,0.9497618263461836
4.13,0.948731903107608
4.14,0.9562324650062066
4.15,0.9353774580086793
4.16,0.9459211602093002
4.17,0.9440406917454898
4.18,0.9518410035560779
4.19,0.9444103068894528
4.2,0.9348857903154272
4.21,0.9472331629530508
4.22,0.9451861365033226
4.23,0.9409209022788709
4.24,0.9439272630795214
4.25,0.9528919404763507
4.26,0.9489499961612088
4.2700000000000005,0.9490717138193193
4.28,0.9439687645396452
4.29,0.9409176747982747
4.3,0.9372454236184866
4.3100000000000005,0.9416541154566104
4.32,0.9449539793210086
4.33,0.94164681013978
4.34,0.9436326268896533
4.3500000000000005,0.9430286993138162
4.36,0.9426739458157285
4.37,0.9431124309220623
4.38,0.9515481945849878
4.39,0.9467113528776007
4.4,0.9450193976384145
4.41,0.9406585204095724
4.42,0.9444045981655405
4.43,0.9420400440274788
4.44,0.9397860421246734
4.45,0.9480506090487617
4.46,0.9425042983866391
4.47,0.9410097582744185
4.48,0.9400592953122292
4.49,0.9382648573527194
4.5,0.9412075741614655
4.51,0.9439899232292323
4.5200000000000005,0.9411364062113446
4.53,0.9507277119680829
4.54,0.9467171852087148
4.55,0.9470489392626467
4.5600000000000005,0.9389854629234584
4.57,0.9473890639573194
4.58,0.9359740602993581
4.59,0.9435206661940491
4.6000000000000005,0.9474563666367061
4.61,0.9391555324397967
4.62,0.9373425517712415
4.63,0.9496597592194026
4.64,0.9521237603788788
4.65,0.939397582199158
4.66,0.9419689072427682
4.67,0.9456930822855943
4.68,0.94500441885743
4.69,0.9375737709221414
4.7,0.9490559365980105
4.71,0.9397723378941164
4.72,0.9465324387049354
4.73,0.9379784321368283
4.74,0.944177863944075
4.75,0.9506055144614198
4.76,0.9436704285811213
4.7700000000000005,0.9429362923450275
4.78,0.9446367200018817
4.79,0.9491134002352226
4.8,0.9408567606635758
4.8100000000000005,0.9560104806217499
4.82,0.9383236384917727
4.83,0.943793198808647
4.84,0.9548861749711969
4.8500000000000005,0.9387261908845531
4.86,0.93663457554026
4.87,0.9434664041407558
4.88,0.944827884034378
4.89,0.9415872720179083
4.9,0.9431120041915939
4.91,0.9432677161417756
4.92,0.9466322771994138
4.93,0.9429372199786807
4.94,0.9496683334865029
4.95,0.9422760087762218
4.96,0.9376869138356806
4.97,0.9441903262167277
4.98,0.9497931525372176
4.99,0.939321950421888
5.0,0.9474630144261174
5.01,0.942399060264021
5.0200000000000005,0.9444402863231396
5.03,0.955086064100433
5.04,0.9485635887627507
5.05,0.958510554167998
5.0600000000000005,0.9472881898669646
5.07,0.9508937248407298
5.08,0.9471183542344264
5.09,0.9534759128313323
5.1000000000000005,0.9562306750028887
5.11,0.9537679269889656
5.12,0.9616198654979898
5.13,0.9500144006640159
5.14,0.949188053736424
5.15,0.9604169479967991
5.16,0.9607676870641575
5.17,0.9590468619715123
5.18,0.9601430102177463
5.19,0.9526921618874281
5.2,0.9543228300510266
5.21,0.9617934638766411
5.22,0.9565135844108288
5.23,0.9579050600003782
5.24,0.9510169252888149
5.25,0.9633009780347175
5.26,0.9656360466622057
5.2700000000000005,0.9617933980629132
5.28,0.9568732669622637
5.29,0.9513463993309605
5.3,0.9503715802366086
5.3100000000000005,0.9593370248021637
5.32,0.9617972906770245
5.33,0.9568354698937707
5.34,0.9630997909727086
5.3500000000000005,0.9548262421655894
5.36,0.966422888014255
5.37,0.9593553160405188
5.38,0.9661384988868803
5.39,0.9611695066002123
5.4,0.9633391881174102
5.41,0.9638252941989981
5.42,0.9666004196838286
5.43,0.9617090410442053
5.44,0.9588051913863493
5.45,0.9622957623676415
5.46,0.9614880903268659
5.47,0.9687091392282164
5.48,0.9585995159302615
5.49,0.9622859845628586
5.5,0.9642836811753105
5.51,0.9686168492872063
5.5200000000000005,0.9557791808948924
5.53,0.9633105133971457
5.54,0.9573793099972973
5.55,0.9632375408169807
5.5600000000000005,0.9679859355532257
5.57,0.9679157148500174
5.58,0.9554171265883656
5.59,0.9572933475966701
5.6000000000000005,0.9647929604749191
5.61,0.9629828370167051
5.62,0.965192098650879
5.63,0.9681070232837399
5.64,0.9589093794188525
5.65,0.9548633086997171
5.66,0.9756051456235064
5.67,0.9616752749191191
5.68,0.9629840275838718
5.69,0.9539159839649424
5.7,0.9696833919125427
5.71,0.9555744339717869
5.72,0.9591417567198781
5.73,0.9594308680852547
5.74,0.9659905683166907
5.75,0.972738019409283
5.76,0.9642198620207246
5.7700000000000005,0.974617678767282
5.78,0.9668699095350516
5.79,0.960710021782713
5.8,0.9661452507735133
5.8100000000000005,0.9624417863929561
5.82,0.962381929735865
5.83,0.9568844869415409
5.84,0.9722920072739565
5.8500000000000005,0.9628747451876382
5.86,0.9635889037695169
5.87,0.9705881433153699
5.88,0.9703247880035176
5.89,0.9713115940946426
5.9,0.9683006555972884
5.91,0.9701947922960891
5.92,0.9580827634044722
5.93,0.9622696950422436
5.94,0.9589422860075287
5.95,0.9653241367650868
5.96,0.966931407877756
5.97,0.973368569986006
5.98,0.974189302122533
5.99,0.9750176229713383
6.0,0.969151826782154
6.01,0.9607065549068509
6.0200000000000005,0.9703033652298306
6.03,0.9818781095392868
6.04,0.9741614619633369
6.05,0.9692440590285004
6.0600000000000005,0.9762605823597975
6.07,0.9663045910338728
6.08,0.9708665025695261
6.09,0.9766675181197249
6.1000000000000005,0.9753715198928933
6.11,0.971878456624119
6.12,0.9777955760748791
6.13,0.9827144721504546
6.140000000000001,0.9810801874036286
6.15,0.975048385708275
6.16,0.9771312655874416
6.17,0.9840005943746135
6.18,0.9811803364550343
6.19,0.9739563813542327
6.2,0.9687779326321702
6.21,0.9740489085272372
6.22,0.9779955234714488
6.23,0.9767970878961489
6.24,0.982597603079095
6.25,0.9733227685110096
6.26,0.9669639220417107
6.2700000000000005,0.9775768100233683
6.28,0.9745968590063415
6.29,0.9706403404806306
6.3,0.9805440281314131
6.3100000000000005,0.9776436381889377
6.32,0.970114696676554
6.33,0.9789102513165371
6.34,0.9775017320299064
6.3500000000000005,0.9802850690810768
6.36,0.9727928748834904
6.37,0.9800340379894463
6.38,0.9785445771951902
6.390000000000001,0.9733307416862976
6.4,0.9721004446823246
6.41,0.9809154211574702
6.42,0.9831731967360479
6.43,0.9843684038460067
6.44,0.9786002610824824
6.45,0.985607858274684
6.46,0.9816877655897488
6.47,0.9826027826380755
6.48,0.9794099171167304
6.49,0.9745794593868595
6.5,0.9812079191882399
6.51,0.9803096027820041
6.5200000000000005,0.9784265582543161
6.53,0.9821698458279355
6.54,0.9732242809917541
6.55,0.9806198104379626
6.5600000000000005,0.9827147729160973
6.57,0.9811857535660178
6.58,0.9841921921186125
6.59,0.9812988783125697
6.6000000000000005,0.9754872064020962
6.61,0.978837092163351
6.62,0.9785301617926793
6.63,0.9816173428214039
6.640000000000001,0.9750554223531313
6.65,0.9801910537940518
6.66,0.9792871178403995
6.67,0.9863065746763635
6.68,0.9760294226269752
6.69,0.9769915437623726
6.7,0.976823894806895
6.71,0.9642001217972834
6.72,0.9726358118356316
6.73,0.9813785530816461
6.74,0.9880168515832283
6.75,0.9684320415241421
6.76,0.9779712163142968
6.7700000000000005,0.9769921039648387
6.78,0.9793309476386888
6.79,0.9759521340578892
6.8,0.9846176334463961
6.8100000000000005,0.9772559902413414
6.82,0.9699240498699451
6.83,0.9834407140666961
6.84,0.9832464280499346
6.8500000000000005,0.9742971500285433
6.86,0.9764988445279121
6.87,0.9799383653596911
6.88,0.9770335297734981
6.890000000000001,0.9736020332083885
6.9,0.9776619300851613
6.91,0.975164327098801
6.92,0.977389869962151
6.93,0.9793478764456951
6.94,0.9687530129381401
6.95,0.9766034173634165
6.96,0.9774630510094825
6.97,0.9787834163681234
6.98,0.9867366246400555
6.99,0.9698918157851159
7.0,0.9788073201343556
7.01,0.987602237040929
7.0200000000000005,0.9842265242579725
7.03,0.9790902244875442
7.04,0.981462359126508
7.05,0.9772122573184383
7.0600000000000005,0.9790417510097473
7.07,0.9842214530739888
7.08,0.992967319874004
7.09,0.9760457207328783
7.1000000000000005,0.9736921613888966
7.11,0.9821931006636051
7.12,0.9832123403990495
7.13,0.9891751855213002
7.140000000000001,0.9835198401138576
7.15,0.9861543473753778
7.16,0.9986537940060528
7.17,0.990947909587467
7.18,0.9923443448951755
7.19,0.9891166817275038
7.2,0.9797710072923996
7.21,0.9769228693213695
7.22,0.9785661590768867
7.23,0.9854703006199713
7.24,0.9911056160481969
7.25,0.9862468993844163
7.26,0.9865111026825958
7.27,0.9822740575824123
7.28,0.9870772871258006
7.29,0.9860198137043881
7.3,0.9859966118154397
7.31,0.9868103868876987
7.32,0.9800565151061476
7.33,0.9899915790949839
7.34,0.9804856089799675
7.35,0.9883202993073175
7.36,0.9947503782065055
7.37,0.9853188279576791
7.38,0.9830668125208264
7.390000000000001,0.9828693094596022
7.4,0.9919277823973986
7.41,0.9883039884361994
7.42,0.9910478545954431
7.43,1.0016847457610718
7.44,0.9843065040256723
7.45,0.9876913000298709
7.46,0.9820462543732663
7.47,0.9865738235604486
7.48,0.9842879606657969
7.49,0.9849531000855273
7.5,0.9928267432188036
7.51,0.9922258618804395
7.52,0.9870858469785639
7.53,0.9790301521397825
7.54,0.98023313496974
7.55,0.9871369225159693
7.56,0.9845068602385367
7.57,0.9786981468318431
7.58,0.9792016677060522
7.59,0.9756486236443508
7.6,0.9886812122614669
7.61,0.9818918792325048
7.62,0.9814177146084181
7.63,0.9825470080468289
7.640000000000001,0.9797292158558613
7.65,0.9808158296938315
7.66,0.9918297485915971
7.67,0.9856553927469134
7.68,0.9737550162942594
7.69,0.9854205407051913
7.7,0.9859420217497775
7.71,0.9795234111513783
7.72,0.9828207595933309
7.73,0.9797993050300794
7.74,0.9838232325481162
7.75,0.9790775945050668
7.76,0.9810755888704821
7.77,0.9907162878793191
7.78,0.9873198443887158
7.79,0.980639269692847
7.8,0.9787390248371161
7.81,0.9811750224735891
7.82,0.9870602852051585
7.83,0.9807201594038015
7.84,0.9777237433995748
7.85,0.9857210011028746
7.86,0.9772151614239283
7.87,0.9774584035409207
7.88,0.9834597714081
7.890000000000001,0.980305300114247
7.9,0.9775233136101236
7.91,0.9700828528474201
7.92,0.9788934574646597
7.930000000000001,0.983033437223635
7.94,0.9752619006382497
7.95,0.9728514898136074
7.96,0.9824044040555932
7.97,0.9732954761184514
7.98,0.9843712513061916
7.99,0.9861373592067738
8.0,0.9770136275479917
8.01,0.981660992476259
8.02,0.9820721827957083
8.03,0.9826766051955221
8.040000000000001,0.9837727378189389
8.05,0.9840965940871665
8.06,0.9958366775383874
8.07,0.9859047995666905
8.08,0.9901432935834448
8.09,0.9904745425158905
8.1,0.9867510634857286
8.11,0.9794659481662874
8.120000000000001,0.9855982555516897
8.13,0.9873710178264458
8.14,0.9812665659526495
8.15,0.9772173738561113
8.16,0.98785285863466
8.17,0.9892105023779516
8.18,0.987844900391506
8.19,0.9782374123706359
8.2,0.9832663006069324
8.21,0.9823533523076207
8.22,0.9771032616776656
8.23,0.9727397120978974
8.24,0.9769933033643634
8.25,0.9894596111592616
8.26,0.9894045777374958
8.27,0.9846235140203408
8.28,0.9834172291325673
8.290000000000001,0.9784751117915549
8.3,0.9792024627747816
8.31,0.9718681178029238
8.32,0.9787780604390901
8.33,0.9746114330987031
8.34,0.9831053608769028
8.35,0.9803900303366953
8.36,0.9795308322689804
8.370000000000001,0.982902340837766
8.38,0.9797294224477273
8.39,0.982367624781948
8.4,0.9783902197153131
8.41,0.9778930445277161
8.42,0.9859977075734432
8.43,0.9731880944376542
8.44,0.972298781760149
8.45,0.9747179666337272
8.46,0.9660039696248492
8.47,0.9749504631003635
8.48,0.9780422897591909
8.49,0.964694482968422
8.5,0.9643965816752857
8.51,0.9749254712732732
8.52,0.9660996414236965
8.53,0.9676262503602718
8.540000000000001,0.9743876363253825
8.55,0.9749187529973227
8.56,0.9694978378794581
8.57,0.9631095473442588
8.58,0.9700570193102831
8.59,0.9656382054157641
8.6,0.9579502716496223
8.61,0.9701808160788051
8.620000000000001,0.964273771477594
8.63,0.9652580237400971
8.64,0.9655444972274703
8.65,0.9660406879707445
8.66,0.9700156356690843
8.67,0.9643041593695807
8.68,0.9566692921430078
8.69,0.9579838792370308
8.700000000000001,0.9659710689085057
8.71,0.9630896565371139
8.72,0.9585908401687538
8.73,0.962872056445631
8.74,0.9657476546606352
8.75,0.9568864874424661
8.76,0.9536067684348809
8.77,0.9581703523132706
8.78,0.9544043970197785
8.790000000000001,0.9556533218999915
8.8,0.9595710106525364
8.81,0.9548856017599338
8.82,0.9630752697359821
8.83,0.9489123190928216
8.84,0.9540741182011816
8.85,0.950053437554724
8.86,0.9508822387962927
8.870000000000001,0.9445960177561017
8.88,0.9442852483159334
8.89,0.942043562005246
8.9,0.9405542471733078
8.91,0.9542790868682387
8.92,0.9550396756064905
8.93,0.9466168978801246
8.94,0.9488368431036047
8.950000000000001,0.9495863152412563
8.96,0.9604619257937302
8.97,0.9547198744971839
8.98,0.9458641136168272
8.99,0.9433304421555866
9.0,0.9433730146839605
9.01,0.9579082523353754
9.02,0.9369524607712818
9.03,0.9494020616031345
9.04,0.9450261862272172
9.05,0.9548744032065304
9.06,0.9403157615248886
9.07,0.9660022377264433
9.08,0.9458573490585328
9.09,0.9442534727201685
9.1,0.9487633518225704
9.11,0.9435898545849608
9.12,0.9435770459309518
9.13,0.9476401453319323
9.14,0.9476333287238843
9.15,0.9528075576617839
9.16,0.9465623980556704
9.17,0.9473010794145552
9.18,0.9459902922118347
9.19,0.9433673641585438
9.2,0.9539051965399858
9.21,0.9460147640426328
9.22,0.9468851283602969
9.23,0.9474827098933817
9.24,0.9515642405567899
9.25,0.9504800982916406
9.26,0.9488299887339399
9.27,0.9377531446921774
9.28,0.946240051547655
9.29,0.9450439927722519
9.3,0.9472866493023864
9.31,0.9397121483207967
9.32,0.9409101109225005
9.33,0.9401036191495803
9.34,0.947489766820778
9.35,0.9442783180399145
9.36,0.9356129175738228
9.37,0.9475989168085985
9.38,0.9505633408521441
9.39,0.9446032188914728
9.4,0.9484948625052155
9.41,0.943778447002825
9.42,0.9333880549589969
9.43,0.9361794332596499
9.44,0.9394003410090839
9.45,0.9378820350323549
9.46,0.9424526520933262
9.47,0.9485792327480466
9.48,0.9329742217806455
9.49,0.9425059614059147
9.5,0.9394943590107434
9.51,0.9463676674180438
9.52,0.9457998347351554
9.53,0.9426189916802025
9.54,0.9445559859633547
9.55,0.936755490346514
9.56,0.9445245165809862
9.57,0.9478478952911682
9.58,0.9406741598383771
9.59,0.9510534980913056
9.6,0.9345704971762406
9.61,0.9510054705473616
9.62,0.9398202241166669
9.63,0.9538282135536135
9.64,0.9404763885098181
9.65,0.9367649756840499
9.66,0.9450930725713168
9.67,0.9400462637424966
9.68,0.946007756649373
9.69,0.9355936661254409
9.7,0.9403915857154973
9.71,0.9369969053192255
9.72,0.948074663213996
9.73,0.9372148654445662
9.74,0.9451910175809313
9.75,0.937195894010939
9.76,0.9391374194133368
9.77,0.9431178355471818
9.78,0.9379271294333751
9.79,0.933493185026685
9.8,0.9520734103943395
9.81,0.9472422491121215
9.82,0.9493929796503171
9.83,0.9458572331079442
9.84,0.9394130409126668
9.85,0.9496795934975943
9.86,0.9459905303990755
9.87,0.9481637018560742
9.88,0.9418427760179509
9.89,0.9498019816186133
9.9,0.9547669510524496
9.91,0.9450469458185444
9.92,0.9480464362658877
9.93,0.9407836456012532
9.94,0.9477725370377856
9.95,0.9480436192156804
9.96,0.9514924225771209
9.97,0.9449544157896969
9.98,0.9449975944933159
9.99,0.9429993098724258
10.0,0.9456231723080224
10.01,0.958607690975533
10.02,0.9608438506181005
10.03,0.9652701844432671
10.04,0.9827134072261096
10.05,0.9720852791660451
10.06,0.9889829609952637
10.07,0.9841096651791186
10.08,0.9771360039615621
10.09,0.9896274582127139
10.1,1.0013206138183417
10.11,0.9987777118906019
10.12,1.005506011488779
10.13,1.0093959399720018
10.14,1.0155802795597468
10.15,1.014026195714318
10.16,1.0187347434074403
10.17,1.019592379908673
10.18,1.0275561307281893
10.19,1.0316756742266417
10.2,1.038557463996828
10.21,1.0376170669916591
10.22,1.0380120759233638
10.23,1.05666583484028
10.24,1.0536962011746784
10.25,1.060786059191395
10.26,1.0607034230276398
10.27,1.0669721163209738
10.28,1.0561801220409373
10.29,1.066676386513611
10.3,1.0710956629685666
10.31,1.0763018571576888
10.32,1.0883721337450813
10.33,1.0876975868736207
10.34,1.087709864242931
10.35,1.0874090083794608
10.36,1.0941531596008638
10.37,1.0984566257949078
10.38,1.109595429819614
10.39,1.1022251653465776
10.4,1.1033944711833226
10.41,1.1086783495235972
10.42,1.112192880729619
10.43,1.1115240712120698
10.44,1.120526643026861
10.45,1.1206794507183322
10.46,1.1312093497497708
10.47,1.1263273203045692
10.48,1.126987274942227
10.49,1.132974620120455
10.5,1.132973356191857
10.51,1.134419939803079
10.52,1.1405590571404383
10.53,1.1380379355558716
10.54,1.1419907866183596
10.55,1.1469008856963094
10.56,1.1458766447352713
10.57,1.149012887879893
10.58,1.1612339773992435
10.59,1.1520281931486944
10.6,1.1641175391704972
10.61,1.1655934938864014
10.62,1.1575967534996767
10.63,1.1675395460872757
10.64,1.1665442628534504
10.65,1.1740690192138483
10.66,1.1848851405512735
10.67,1.1753083295866407
10.68,1.18478475230167
10.69,1.1837884957202987
10.7,1.1869369993682566
10.71,1.188711558516044
10.72,1.1843180787199288
10.73,1.1953288247343121
10.74,1.1926186171661253
10.75,1.201611293430861
10.76,1.203397554577292
10.77,1.1992518338305942
10.78,1.2067988552241657
10.79,1.20611535146659
10.8,1.207434504638949
10.81,1.2222692354699216
10.82,1.2184852242408968
10.83,1.2048493992789535
10.84,1.2081358008370608
10.85,1.224348583773949
10.86,1.216547798772222
10.87,1.2192706101765374
10.88,1.2250434338474696
10.89,1.2290160730545407
10.9,1.2232367688312604
10.91,1.228120574792474
10.92,1.2235498928759212
10.93,1.227928018210404
10.94,1.2338860375322276
10.95,1.224512321803667
10.96,1.230190357901473
10.97,1.2381022453779906
10.98,1.2434906013151623
10.99,1.2432959041247997
11.0,1.241547593314215
11.01,1.249045655772837
11.02,1.248716097899392
11.03,1.2540352709930558
11.04,1.249301669253702
11.05,1.2506772416500331
11.06,1.2605091274671367
11.07,1.2632210286885932
11.08,1.2680643374890097
11.09,1.2620871869265033
11.1,1.266193124648311
11.11,1.2671427816057952
11.12,1.265566540431472
11.13,1.2750292000341632
11.14,1.2707713141399606
11.15,1.2704246623411373
11.16,1.2724862997389095
11.17,1.275413918659002
11.18,1.2682877032848823
11.19,1.279315214341486
11.2,1.269541107547147
11.21,1.2818590443173952
11.22,1.2838522892023352
11.23,1.2906093193012167
11.24,1.2830746249883433
11.25,1.2854266476617155
11.26,1.2800006094609466
11.27,1.2828734891888218
11.28,1.2924582037142818
11.29,1.292066556793326
11.3,1.2961945911533992
11.31,1.2870833019548424
11.32,1.287956524728475
11.33,1.2899561674216826
11.34,1.297955051190775
11.35,1.296389473386142
11.36,1.2965552658237307
11.37,1.3037428042916914
11.38,1.2997630276121943
11.39,1.3100366875646483
11.4,1.2967160203791614
11.41,1.3054395669177306
11.42,1.3060113787400263
11.43,1.3000112041893497
11.44,1.3113355151678914
11.45,1.310251423788101
11.46,1.3090923634581044
11.47,1.313776718204326
11.48,1.3075511862906561
11.49,1.3094655291294515
11.5,1.3143552856375587
11.51,1.313951473046278
11.52,1.3181996270582212
11.53,1.3096403805025039
11.54,1.3181119247114577
11.55,1.3141508172568066
11.56,1.3069164590861624
11.57,1.3130110109824995
11.58,1.3153731879484512
11.59,1.3247286926608515
11.6,1.3213658179091874
11.61,1.3134004900642113
11.62,1.3141185070295174
11.63,1.3171897020996126
11.64,1.3226396413543406
11.65,1.3215082490723011
11.66,1.3198672281376063
11.67,1.320469878867792
11.68,1.32342002796985
11.69,1.3182347893977369
11.7,1.314678841864492
11.71,1.3215989631994123
11.72,1.3119858721228101
11.73,1.3231541512764322
11.74,1.3243129032574845
11.75,1.3148635804586042
11.76,1.322394869971007
11.77,1.3257652085183718
11.78,1.3202551915902658
11.79,1.3317205939148418
11.8,1.326717580669947
11.81,1.32255993853865
11.82,1.3336826639130226
11.83,1.325828619860969
11.84,1.329963073021437
11.85,1.320408337912239
11.86,1.3211618168335846
11.87,1.3300121108990786
11.88,1.3359156792389144
11.89,1.327814670417359
11.9,1.3238977949305257
11.91,1.329388001785987
11.92,1.3352516720330416
11.93,1.3307137333522094
11.94,1.3254053444809357
11.95,1.3300212211250968
11.96,1.3214995413712214
11.97,1.325195835146564
11.98,1.3292780418096677
11.99,1.322554006109696
12.0,1.3345701838244703
12.01,1.3239361347003717
12.02,1.3352055486786842
12.03,1.3190789106595544
12.04,1.3360337702083886
12.05,1.334484671113424
12.06,1.3340378234201047
12.07,1.3235437193862687
12.08,1.330220505523019
12.09,1.3263890700352696
12.1,1.3254170768146003
12.11,1.3208594851645423
12.12,1.321635644200667
12.13,1.3318336530714394
12.14,1.3214193156480984
12.15,1.3250781401229939
12.16,1.3375293323881836
12.17,1.3242036999031053
12.18,1.3216092604093566
12.19,1.336555271544616
12.2,1.3253244824686974
12.21,1.330581541523649
12.22,1.3272745451236727
12.23,1.32889475366262
12.24,1.3313036647572758
12.25,1.3295337522359156
12.26,1.3324043733871442
12.27,1.324824680080411
12.28,1.3340630136341005
12.29,1.3293987427172937
12.3,1.3296240965110977
12.31,1.3174985189223105
12.32,1.3371875514997706
12.33,1.3268696953321477
12.34,1.3338427573543068
12.35,1.3271883235789501
12.36,1.3378389709305871
12.37,1.334380480177506
12.38,1.3362618317802286
12.39,1.3406151726058926
12.4,1.3424656538805806
12.41,1.3295335390373488
12.42,1.3276075950898893
12.43,1.3422747604668093
12.44,1.327440301891344
12.45,1.3343012608450906
12.46,1.32997576549934
12.47,1.344435046462922
12.48,1.3292051080749754
12.49,1.3318954580439295
12.5,1.335989055038554
12.51,1.3324857291403525
12.52,1.3348862845679932
12.53,1.3343291920971414
12.54,1.335846600146051
12.55,1.334837584621142
12.56,1.3317361752853831
12.57,1.3346831693986534
12.58,1.3349952585184062
12.59,1.335936974573721
12.6,1.3408792714791518
12.61,1.3378134785897293
12.62,1.3231853789834729
12.63,1.3285528310334649
12.64,1.334222637070921
12.65,1.329039454611903
12.66,1.3282076701303274
12.67,1.3246421652369686
12.68,1.3396387734142607
12.69,1.32116927593283
12.7,1.3307213422657163
12.71,1.3347579919170547
12.72,1.3300544829463077
12.73,1.3258892980679862
12.74,1.3283198479115743
12.75,1.3293076762896543
12.76,1.3356530942616331
12.77,1.3300973160115055
12.78,1.3397944784025961
12.79,1.3271147640435903
12.8,1.3285031360077828
12.81,1.3310009808672
12.82,1.3271738399527733
12.83,1.3306494051426565
12.84,1.3199247119499975
12.85,1.3268048088553026
12.86,1.3244109173453704
12.87,1.328583795626695
12.88,1.3252441694918742
12.89,1.3202069412301958
12.9,1.3269191093027555
12.91,1.324822796363408
12.92,1.3232143092726505
12.93,1.3254321156075999
12.94,1.3186973800107216
12.95,1.3167871395794724
12.96,1.3209824566335953
12.97,1.3265943746342492
12.98,1.3194356655235278
12.99,1.32272282800366
13.0,1.3139991822016255
13.01,1.3115293762395603
13.02,1.3256092606573058
13.03,1.315850931290648
13.04,1.3142361571891417
13.05,1.314074516270445
13.06,1.3207095977423795
13.07,1.3046665344585873
13.08,1.3137203133953643
13.09,1.320669914600345
13.1,1.315224877930555
13.11,1.3133218542283251
13.12,1.3087035095443096
13.13,1.3091114994157647
13.14,1.3064837480274152
13.15,1.3134388032828685
13.16,1.3110430621276334
13.17,1.3147379854612748
13.18,1.3074519494376813
13.19,1.304219949727823
13.2,1.3174262881313497
13.21,1.3016565237915554
13.22,1.298871498013551
13.23,1.3132055759992716
13.24,1.2987979279757118
13.25,1.3093766217875975
13.26,1.3060977803239706
13.27,1.3096304438508655
13.28,1.3102822998789492
13.29,1.3090819393285587
13.3,1.3002318983005627
13.31,1.3016962568170973
13.32,1.3047897049908013
13.33,1.3045694458388302
13.34,1.3003848804732583
13.35,1.3024323840921463
13.36,1.2900407150159043
13.37,1.303786325148859
13.38,1.3031756549519873
13.39,1.3029676803273926
13.4,1.2902222697278662
13.41,1.299700339540628
13.42,1.2885753365727997
13.43,1.2971605685543341
13.44,1.2916645067708332
13.45,1.2871459432622914
13.46,1.2848890728033988
13.47,1.277216315612846
13.48,1.2908058211244058
13.49,1.2885487427461813
13.5,1.285022275783978
13.51,1.2884637298518786
13.52,1.2819188307968514
13.53,1.2876507176084349
13.54,1.2788517975522025
13.55,1.2870183510937736
13.56,1.284518463348607
13.57,1.2832744581107882
13.58,1.2877397301283569
13.59,1.2838196550596557
13.6,1.2913584527420379
13.61,1.2845053266021984
13.62,1.2866803660990391
13.63,1.2847371816876476
13.64,1.2873835012024253
13.65,1.2830359947301437
13.66,1.2756654351458476
13.67,1.287200864641229
13.68,1.2765728953439417
13.69,1.2736668950167018
13.7,1.2904526626289379
13.71,1.276108685538226
13.72,1.2870684785181332
13.73,1.2825414879124089
13.74,1.2755443549102694
13.75,1.2824103656680845
13.76,1.2715392266606602
13.77,1.2817522052533634
13.78,1.2774774967536306
13.79,1.2769913780952324
13.8,1.2800651031686312
13.81,1.2819042934889262
13.82,1.2815609849652672
13.83,1.2771497027530692
13.84,1.277981881118948
13.85,1.280098707032429
13.86,1.2741452022112174
13.87,1.272389638890572
13.88,1.2634819485091895
13.89,1.2668947676952214
13.9,1.2677775002338383
13.91,1.2749931904649343
13.92,1.2751099228134435
13.93,1.286474414612093
13.94,1.2716638446324955
13.95,1.2711446776174797
13.96,1.2692594899426222
13.97,1.2698223006658238
13.98,1.2680258715913106
13.99,1.2660663172738096
14.0,1.2713473621030695
14.01,1.2728488423597593
14.02,1.271870190812099
14.03,1.2672967148076948
14.04,1.2679269516525367
14.05,1.266128387009066
14.06,1.2623614896644428
14.07,1.2594146740769345
14.08,1.262052426591848
14.09,1.2660367067893745
14.1,1.264558458174923
14.11,1.263947014267611
14.12,1.2606775870194042
14.13,1.2562109157305925
14.14,1.258686440157955
14.15,1.2613252064267715
14.16,1.2646228629944845
14.17,1.2646259184449193
14.18,1.2517984211436048
14.19,1.2525287553774564
14.2,1.2554342389959887
14.21,1.259197792900183
14.22,1.2442897827979502
14.23,1.2676339930986111
14.24,1.2615135585168007
14.25,1.2528316995847681
14.26,1.2373658842106323
14.27,1.2544518907549354
14.28,1.2511298563192788
14.29,1.2507395731108357
14.3,1.2540068490749148
14.31,1.2572265698887661
14.32,1.251655149465018
14.33,1.249216081397798
14.34,1.2483575065345225
14.35,1.2481333854772423
14.36,1.2418056586556678
14.37,1.246369922166054
14.38,1.251141909385447
14.39,1.2477510954369755
14.4,1.2461448732968181
14.41,1.2476873017059351
14.42,1.2542243416727725
14.43,1.244179480794164
14.44,1.2427511970246292
14.45,1.2309683695923574
14.46,1.243056851749628
14.47,1.2398765388838044
14.48,1.249293844276259
14.49,1.2366368233557212
14.5,1.2420313608860738
14.51,1.246281820869498
14.52,1.2453951127645075
14.53,1.2425988099803338
14.54,1.2415428135708404
14.55,1.2368627567465438
14.56,1.2463879869390153
14.57,1.2415775165836755
14.58,1.2375827304617852
14.59,1.2221331595510088
14.6,1.237389132553056
14.61,1.2351125196228554
14.62,1.241676629122097
14.63,1.2428064671269985
14.64,1.2455820880441817
14.65,1.232655469327427
14.66,1.236673982603543
14.67,1.2405924718655594
14.68,1.2288305434939726
14.69,1.2328544725899386
14.7,1.2287974426466093
14.71,1.2250672489310812
14.72,1.2414960092483338
14.73,1.2356849934344027
14.74,1.229188941973473
14.75,1.2381933849287663
14.76,1.2370306836646587
14.77,1.2351372548754929
14.78,1.22277293307448
14.79,1.2299614099770082
14.8,1.2382702713307745
14.81,1.240815802442972
14.82,1.2354923137362506
14.83,1.234680875869102
14.84,1.232207138135465
14.85,1.2298461207397922
14.86,1.2322774968057109
14.87,1.2257993931042088
14.88,1.2241814717717359
14.89,1.2285407247669606
14.9,1.233414500698731
14.91,1.2321283672044316
14.92,1.22813060995261
14.93,1.2293074054395972
14.94,1.2316737487326472
14.95,1.2350326551875266
14.96,1.229339536421037
14.97,1.236399007765879
14.98,1.223403540019467
14.99,1.2268600753783752
15.0,1.2342304114076366
15.01,1.2267486214896424
15.02,1.2204177517863977
15.03,1.2295423909666992
15.04,1.2203763937958347
15.05,1.220731323573618
15.06,1.2167868710509357
15.07,1.2262198380360765
15.08,1.2332392579032279
15.09,1.2232612598019033
15.1,1.2290565142292333
15.11,1.2274173933002752
15.12,1.2315243818824708
15.13,1.2125582204126197
15.14,1.2119403570931027
15.15,1.2204700902283547
15.16,1.2220065267332263
15.17,1.2241125945895874
15.18,1.2240279922800046
15.19,1.2207186873021854
15.2,1.2245260640608056
15.21,1.2143978892484628
15.22,1.2181695000495818
15.23,1.2209603529014452
15.24,1.2076428511991544
15.25,1.2156962012102788
15.26,1.2171246273188137
15.27,1.2127004513270572
15.28,1.2219735576602815
15.29,1.209644725028361
15.3,1.217765905341182
15.31,1.2240117856332704
15.32,1.217870176794333
15.33,1.2261241076801788
15.34,1.2137335707462482
15.35,1.2173635739679516
15.36,1.2164025853233913
15.37,1.2113869576660121
15.38,1.2113086222411211
15.39,1.2119897827826809
15.4,1.221680988967249
15.41,1.2065080461277244
15.42,1.2179675204658647
15.43,1.2169785919098126
15.44,1.2112175448984273
15.45,1.2142493535435612
15.46,1.2168644927142254
15.47,1.2222668165968278
15.48,1.211678313104986
15.49,1.2116463183368145
15.5,1.2106696168712265
15.51,1.2110115160614165
15.52,1.2082098215358652
15.53,1.2159130238873899
15.54,1.2060940488947516
15.55,1.212300482346496
15.56,1.217493268289492
15.57,1.2107621175705228
15.58,1.209081387126278
15.59,1.2042420808331527
15.6,1.2058988717267485
15.61,1.1975925868497173
15.62,1.2158033272713267
15.63,1.2133238059324702
15.64,1.2074185971943645
15.65,1.2065552139776883
15.66,1.2156632545442623
15.67,1.2105590052460071
15.68,1.2115486510151283
15.69,1.1993351500469451
15.7,1.207090679274368
15.71,1.2006580170781118
15.72,1.2083290341648905
15.73,1.2141797027581558
15.74,1.2128071157935443
15.75,1.2084410898926872
15.76,1.20787241856749
15.77,1.2124664418474287
15.78,1.2022254859126638
15.79,1.2067842289000938
15.8,1.2132521370070448
15.81,1.2112303692995594
15.82,1.2066211319128683
15.83,1.2011876678527387
15.84,1.194379114936591
15.85,1.2033675954777585
15.86,1.2072682820276122
15.87,1.2097291467129623
15.88,1.2118651215567795
15.89,1.1986764791246445
15.9,1.208352212976056
15.91,1.204414691470489
15.92,1.1982407376255826
15.93,1.2038359526455054
15.94,1.2057490246571716
15.95,1.2049466355815344
15.96,1.1920804465684651
15.97,1.2091722321440066
15.98,1.196688944497148
15.99,1.1955261268875912
16.0,1.1936536262996682
16.01,1.19983260337912
16.02,1.2115231055767517
16.03,1.2026009713479036
16.04,1.2010825149892261
16.05,1.1979262841525133
16.06,1.2045019845495026
16.07,1.203293102665239
16.080000000000002,1.2081819736391368
16.09,1.20697085847224
16.1,1.1935170596207914
16.11,1.1985354810577704
16.12,1.194771333574423
16.13,1.196012546177475
16.14,1.1950087437620511
16.15,1.197411863577449
16.16,1.1922619788845092
16.17,1.1960832738396965
16.18,1.2022044818655486
16.19,1.1990177077370354
16.2,1.2009198930808964
16.21,1.2071670386788782
16.22,1.190342258122811
16.23,1.1898928887354567
16.240000000000002,1.2034620146170802
16.25,1.2009430853601955
16.26,1.210135911597159
16.27,1.2020744601711573
16.28,1.2038183800195101
16.29,1.2052377598386943
16.3,1.1885286176193628
16.31,1.1860245767286202
16.32,1.198166129568205
16.330000000000002,1.1937428836938513
16.34,1.1932255771718319
16.35,1.1883988126535743
16.36,1.2024910628467087
16.37,1.1959491319017936
16.38,1.1958211762317075
16.39,1.1913587317762169
16.4,1.1983142904307855
16.41,1.1838109318273906
16.42,1.1926382975685454
16.43,1.1955861879842682
16.44,1.1851664614638622
16.45,1.2029318217959373
16.46,1.1885815649329612
16.47,1.1988805115074248
16.48,1.1926387346189193
16.490000000000002,1.1953484711827007
16.5,1.1988990427040211
16.51,1.1999780113363152
16.52,1.1860778536402812
16.53,1.1948865788143865
16.54,1.1816500797483651
16.55,1.1976460680147811
16.56,1.1976827501832794
16.57,1.188247656420986
16.580000000000002,1.1916595097352893
16.59,1.1962786701144836
16.6,1.1878026683563032
16.61,1.1951061977122588
16.62,1.184965490906287
16.63,1.1949009367102217
16.64,1.1915777012593411
16.65,1.1952034639979217
16.66,1.1936193015329137
16.67,1.1952571752776178
16.68,1.1861764063242621
16.69,1.1869651907285215
16.7,1.1820344826356695
16.71,1.1910376936475433
16.72,1.1854598733608992
16.73,1.193837002145731
16.740000000000002,1.1881569437375763
16.75,1.1951192303164715
16.76,1.1941647579498773
16.77,1.1958228309104306
16.78,1.1904289337680107
16.79,1.1889560699341477
16.8,1.1862544947321365
16.81,1.194685394889869
16.82,1.1904559131600452
16.830000000000002,1.1919953259217648
16.84,1.181902182586808
16.85,1.185503509223562
16.86,1.18372470031232
16.87,1.1858974636771835
16.88,1.201407563941493
16.89,1.1849635351863623
16.9,1.1920427104578901
16.91,1.1827842367904644
16.92,1.1988487395727847
16.93,1.1846611886844922
16.94,1.186037815083267
16.95,1.187336711598041
16.96,1.1761800939211584
16.97,1.1862248189993168
16.98,1.1840526580770916
16.990000000000002,1.198972086970233
17.0,1.1881396237752089
17.01,1.1914777699473027
17.02,1.1876255069284298
17.03,1.1890212584383721
17.04,1.1898210609796336
17.05,1.191727100323672
17.06,1.181871663563032
17.07,1.1830270076756926
17.080000000000002,1.1833524273044784
17.09,1.1887202374337296
17.1,1.1834224736806027
17.11,1.1865591666069655
17.12,1.1716012457798586
17.13,1.1880487750161601
17.14,1.1835264716683287
17.150000000000002,1.1902700306490335
17.16,1.183705333819458
17.17,1.183811986419581
17.18,1.1848672398106734
17.19,1.1810806104356273
17.2,1.1841186857934096
17.21,1.1803166436564927
17.22,1.1876215611942837
17.23,1.1840185979584774
17.240000000000002,1.1876481497180102
17.25,1.1803245153973045
17.26,1.1764689423421537
17.27,1.1878609330146503
17.28,1.1873625745472354
17.29,1.1824392012979543
17.3,1.1837956256713653
17.31,1.1831963854883119
17.32,1.1789916570361345
17.330000000000002,1.1809694341105021
17.34,1.184261788495365
17.35,1.1855060317499135
17.36,1.186500173237034
17.37,1.1758905414598193
17.38,1.1804599023836773
17.39,1.1803154368274769
17.400000000000002,1.181440447241775
17.41,1.1860831242059262
17.42,1.1810353539030762
17.43,1.186156160477663
17.44,1.183810442802122
17.45,1.1861026179353944
17.46,1.1847211593562015
17.47,1.1826207909526025
17.48,1.1771192764044731
17.490000000000002,1.1799988034613902
17.5,1.1739664367785947
17.51,1.1855955574943757
17.52,1.1810128693028497
17.53,1.1861053174713792
17.54,1.1764728790556134
17.55,1.1781259889880618
17.56,1.1840300336500125
17.57,1.1776278177910031
17.580000000000002,1.1818817604332603
17.59,1.1849604279360995
17.6,1.169524456700593
17.61,1.1744478468355544
17.62,1.1758861258582425
17.63,1.1838348629539592
17.64,1.1802030281316391
17.650000000000002,1.175297430521313
17.66,1.1751187010016795
17.67,1.1753990907478507
17.68,1.1749600072055901
17.69,1.181992348016651
17.7,1.1702521669281174
17.71,1.1794397112380166
17.72,1.1748561786697451
17.73,1.18047838700204
17.740000000000002,1.184181199982338
17.75,1.1896290556903615
17.76,1.1807514494470301
17.77,1.1843613128823005
17.78,1.1815309051823004
17.79,1.1806062336203806
17.8,1.1680894155617485
17.81,1.1717238906971308
17.82,1.1708019978356805
17.830000000000002,1.1846344493423957
17.84,1.1783845731251794
17.85,1.1820001702897207
17.86,1.1771481908590966
17.87,1.1799126356135048
17.88,1.1715695919890428
17.89,1.1744429929898403
17.900000000000002,1.1690562611792006
17.91,1.1692341809919478
17.92,1.1822663105191096
17.93,1.1787228200020885
17.94,1.170621115890347
17.95,1.1785351888400453
17.96,1.176117018024164
17.97,1.179354968494199
17.98,1.1755957344584296
17.990000000000002,1.1760120995818277
18.0,1.1825716843872138
18.01,1.1760722509553663
18.02,1.1720237239169184
18.03,1.1689469256762717
18.04,1.1786662129064696
18.05,1.1678966331030118
18.06,1.179128351714448
18.07,1.1778273890161748
18.08,1.172492208195018
18.09,1.1782529630645076
18.1,1.1727864316553562
18.11,1.1750778566584452
18.12,1.1722871919469786
18.13,1.1679145874879193
18.14,1.1713954481027817
18.15,1.179810458974218
18.16,1.1707426896760613
18.17,1.1714414353955895
18.18,1.1764598731315439
18.19,1.167203691207161
18.2,1.1743990908823552
18.21,1.1720596556182579
18.22,1.166241457517796
18.23,1.179536412326527
18.24,1.171864856815634
18.25,1.1618969720759478
18.26,1.171212365745711
18.27,1.166672087252953
18.28,1.170365813850214
18.29,1.1738439035861947
18.3,1.1652538524054654
18.31,1.1710540008348862
18.32,1.1752330527935575
18.33,1.168854887674042
18.34,1.1741560566461995
18.35,1.171952183585783
18.36,1.1560082988250138
18.37,1.170095813384015
18.38,1.167663713736049
18.39,1.1757516237819172
18.4,1.1718341248425612
18.41,1.1673976463637754
18.42,1.1623526258675394
18.43,1.1671220157147013
18.44,1.1638961530041458
18.45,1.1670810305988568
18.46,1.1701548399616803
18.47,1.1743913988813377
18.48,1.1674074030930204
18.49,1.1746774740661496
18.5,1.1725073877271521
18.51,1.167327709347364
18.52,1.1718350770272148
18.53,1.1710222212747223
18.54,1.1759778719204401
18.55,1.1669400913392618
18.56,1.1681778712977497
18.57,1.1658457836379261
18.58,1.1627157671487822
18.59,1.170174945533303
18.6,1.1732794371964292
18.61,1.1721218829018123
18.62,1.163289185867131
18.63,1.1726939063652817
18.64,1.1669155022482431
18.65,1.1707743099048027
18.66,1.1694968926428082
18.67,1.1591979006434194
18.68,1.1695238915141832
18.69,1.1594202670195213
18.7,1.173302858462025
18.71,1.162378797809942
18.72,1.1642464628216658
18.73,1.1746440273273864
18.74,1.1738368563554282
18.75,1.1662495533147637
18.76,1.1690575156836434
18.77,1.1736148929612062
18.78,1.154409427809881
18.79,1.1654754014706692
18.8,1.1646722378816827
18.81,1.1820836469681808
18.82,1.170295580634072
18.83,1.1620515340449684
18.84,1.1649008475443028
18.85,1.1704943437238886
18.86,1.1767150016196564
18.87,1.1612750167912573
18.88,1.1667814413930486
18.89,1.1701591027608664
18.9,1.1723632928433692
18.91,1.164109875437123
18.92,1.16972471971104
18.93,1.1713842034870017
18.94,1.1653374957967193
18.95,1.1604284970603553
18.96,1.1657303993434123
18.97,1.1695696973884029
18.98,1.178048727528878
18.99,1.1673691488246845
19.0,1.1734781485450207
19.01,1.1691543902414538
19.02,1.1650938594668308
19.03,1.1671269575602259
19.04,1.171441532535342
19.05,1.1641741911476282
19.06,1.1667807345625822
19.07,1.1646987263039807
19.08,1.1746460344717333
19.09,1.1682246456796832
19.1,1.1649064624945435
19.11,1.1711968466562088
19.12,1.1744063829650668
19.13,1.1769221843442257
19.14,1.165933776358538
19.15,1.170381404050788
19.16,1.1642289626512954
19.17,1.1601978758773068
19.18,1.1579723072809718
19.19,1.1581653399244485
19.2,1.1558488606965867
19.21,1.1682127368576867
19.22,1.1545540848608347
19.23,1.1619329390017084
19.24,1.162917220993084
19.25,1.1692758971020496
19.26,1.1678951798060289
19.27,1.1687849778638992
19.28,1.1616215308417763
19.29,1.1833478850472094
19.3,1.161569513777997
19.31,1.169090886304457
19.32,1.1557969288687915
19.33,1.1697989983690835
19.34,1.1644931692828557
19.35,1.171027678277363
19.36,1.1539699340757876
19.37,1.1677014851625223
19.38,1.1693768893871477
19.39,1.1684416113245175
19.4,1.166092715031281
19.41,1.1698152056955486
19.42,1.1630440296332298
19.43,1.1594120468435152
19.44,1.1660115184953637
19.45,1.1637739128311195
19.46,1.153400014705545
19.47,1.1645888230370511
19.48,1.160585499530556
19.49,1.1578546743762859
19.5,1.1621835905085385
19.51,1.161906289691088
19.52,1.1608924325186354
19.53,1.1615438322290315
19.54,1.1698849956139328
19.55,1.165957139818136
19.56,1.154821248071616
19.57,1.1627917604775437
19.58,1.1574245373900665
19.59,1.1744161265786248
19.6,1.1782755100189743
19.61,1.1615977666307802
19.62,1.1579527732148813
19.63,1.1529273395070656
19.64,1.155373588820141
19.65,1.1535611275788553
19.66,1.163010908573008
19.67,1.1589049236364388
19.68,1.1690427367816163
19.69,1.170436640024425
19.7,1.173255372114815
19.71,1.1626242327042744
19.72,1.160921635697323
19.73,1.1654228595056901
19.74,1.1571149000020153
19.75,1.1649374284473697
19.76,1.1549001942793724
19.77,1.165872812873372
19.78,1.1681574816348503
19.79,1.1632630527234424
19.8,1.1653428824207883
19.81,1.1654217148253978
19.82,1.1704132871806565
19.83,1.158339701035658
19.84,1.1585084155328473
19.85,1.1724373490944517
19.86,1.1601842460568885
19.87,1.1610213918449166
19.88,1.161988870736921
19.89,1.1605737543517565
19.9,1.1732115521051263
19.91,1.1598279182957831
19.92,1.167018763087588
19.93,1.1677504350980812
19.94,1.1647322273557241
19.95,1.1680178780456196
19.96,1.1621115844822547
19.97,1.155171120711114
19.98,1.162447817180195
19.99,1.1539093325884644
20.0,1.1630375733574216
20.01,1.1421487057668753
20.02,1.1474054359653683
20.03,1.1559055804408418
20.04,1.1392554103070913
20.05,1.1353880741061046
20.06,1.1304415421653833
20.07,1.1374858565393005
20.08,1.13117896339786
20.09,1.1217139349936789
20.1,1.1219021903460416
20.11,1.117737783580997
20.12,1.1127104406770096
20.13,1.1135792772976734
20.14,1.0983464501749716
20.15,1.1033120026690824
20.16,1.091519343848744
20.17,1.0895793846811708
20.18,1.0900916929096207
20.19,1.0797908090142683
20.2,1.0829572134171983
20.21,1.0752727010134249
20.22,1.071642998562918
20.23,1.0775903674363632
20.24,1.070670925475483
20.25,1.0634696081866426
20.26,1.0642995424715347
20.27,1.0557538738670036
20.28,1.0471469419627741
20.29,1.0489514589934574
20.3,1.0374616543694894
20.31,1.0400553093779201
20.32,1.034911478309052
20.33,1.0355562076662268
20.34,1.0316303655041612
20.35,1.021796833839477
20.36,1.016464561364537
20.37,1.0193027163089996
20.38,1.019772232819231
20.39,1.0146754055517737
20.4,1.0039995136905817
20.41,1.0061717878408176
20.42,1.0046186829577077
20.43,1.0094116545494425
20.44,0.99554482539567
20.45,0.9950317243707612
20.46,0.9924201322888313
20.47,0.9860426690110894
20.48,0.9856584109080041
20.49,0.9902077418434637
20.5,0.984460370002104
20.51,0.9667799041672424
20.52,0.9772762372124111
20.53,0.9628765917353879
20.54,0.9633924040253199
20.55,0.9704433296976278
20.56,0.9591050725587361
20.57,0.9553478428843388
20.58,0.9512353908444987
20.59,0.9528376637764819
20.6,0.9506603641500542
20.61,0.9458201771549238
20.62,0.9442522210970381
20.63,0.9386597176259447
20.64,0.9453781801675579
20.65,0.9376385877716592
20.66,0.9271334553827594
20.67,0.914026421533478
20.68,0.9191860967285904
20.69,0.9255296638640048
20.7,0.9190481288605525
20.71,0.9160064187029618
20.72,0.9067895739454096
20.73,0.917389292593353
20.74,0.9019642773302003
20.75,0.9061830839523352
20.76,0.9084327777479352
20.77,0.895022800323485
20.78,0.9020834745606368
20.79,0.9085736252193195
20.8,0.8821183257085535
20.81,0.8894611993889847
20.82,0.8877192961825497
20.83,0.8846730130480537
20.84,0.8748758983496334
20.85,0.8714594318866472
20.86,0.87733712945281
20.87,0.875454278065507
20.88,0.8682935043768103
20.89,0.8734928413705262
20.9,0.8715173842541426
20.91,0.8656444972773331
20.92,0.8626872934989323
20.93,0.8637981373984197
20.94,0.8615592421604392
20.95,0.8524549117035842
20.96,0.8501975707742796
20.97,0.8444487911560911
20.98,0.8499776720818881
20.99,0.8489719564406393
21.0,0.8503940693421733
21.01,0.8445019662430123
21.02,0.8353309499273676
21.03,0.8447675841833138
21.04,0.8299890089412195
21.05,0.8348323128865156
21.06,0.8304246395717974
21.07,0.8344528321932865
21.08,0.8281359849169226
21.09,0.8288911611492765
21.1,0.8298499964263
21.11,0.8156491698982452
21.12,0.816535506193001
21.13,0.8109803130089387
21.14,0.8154742621835182
21.15,0.8117383616180417
21.16,0.8103546182685952
21.17,0.806487848933239
21.18,0.8011430536171629
21.19,0.8165074118373531
21.2,0.801634622607362
21.21,0.8120708475756973
21.22,0.7950574115725104
21.23,0.7967099796909968
21.24,0.7880331385154251
21.25,0.7935926905904074
21.26,0.7908901336789979
21.27,0.7875643890590633
21.28,0.786138057386376
21.29,0.7875613635008089
21.3,0.7882754652309364
21.31,0.7849454710327881
21.32,0.7715666838283879
21.33,0.7769313631994557
21.34,0.7799452666047438
21.35,0.7739184303001768
21.36,0.7734237151854982
21.37,0.7684996368387451
21.38,0.7738591136515166
21.39,0.7681325489579666
21.4,0.7630527463682742
21.41,0.7745687190925762
21.42,0.7681058461435084
21.43,0.7643842719792807
21.44,0.7550569755656401
21.45,0.7602402533684863
21.46,0.7609045232785561
21.47,0.7445349398176082
21.48,0.7516492175146872
21.49,0.7464394946961006
21.5,0.7469886875957243
21.51,0.7558571888052629
21.52,0.7491092869523034
21.53,0.7502687904473143
21.54,0.753992062713242
21.55,0.7466410575038588
21.56,0.7464665064352556
21.57,0.7437393047592123
21.58,0.7447181008360426
21.59,0.7351363829917282
21.6,0.736824778498914
21.61,0.7420967002339974
21.62,0.739428473121213
21.63,0.7409174978834185
21.64,0.7322392588106788
21.65,0.7404835337539033
21.66,0.7384192801773419
21.67,0.7293197848601088
21.68,0.7281557489043289
21.69,0.7358382334449279
21.7,0.7374669383830553
21.71,0.7299375363555473
21.72,0.7466397342902046
21.73,0.7347301324787483
21.74,0.7274180777713517
21.75,0.7187150739278096
21.76,0.7240923488165284
21.77,0.726703413285149
21.78,0.7288397858785146
21.79,0.7260655079645831
21.8,0.7248935277083048
21.81,0.7218123786770361
21.82,0.7190849098673416
21.83,0.7252041207448673
21.84,0.7231332149921023
21.85,0.7245143683878515
21.86,0.728256417704108
21.87,0.7180418077525098
21.88,0.7211086607304799
21.89,0.7128108077378587
21.9,0.7171988595781333
21.91,0.7087804637458502
21.92,0.7186099523638034
21.93,0.7118687592265063
21.94,0.708579800326997
21.95,0.7081142470209508
21.96,0.7190557108011655
21.97,0.7073928819193751
21.98,0.7118427134638192
21.99,0.7152503075695099
22.0,0.7026629104452276
22.01,0.7021224645578511
22.02,0.7034307761460927
22.03,0.704537112240763
22.04,0.712948921810808
22.05,0.7004204498206184
22.06,0.6936826922813395
22.07,0.7028200598328841
22.08,0.7023543598431177
22.09,0.698623956735829
22.1,0.6935117134065755
22.11,0.6866341691497762
22.12,0.7018508486690205
22.13,0.6919882479824856
22.14,0.7015920202176027
22.15,0.6882249635036529
22.16,0.6884157928397964
22.17,0.6869049956184762
22.18,0.6932656536432786
22.19,0.6856274714735185
22.2,0.7002774060116679
22.21,0.6882389975627736
22.22,0.6952458275338365
22.23,0.6930132794533511
22.24,0.6912078304024998
22.25,0.6928636387056494
22.26,0.69005774563392
22.27,0.6835950933543496
22.28,0.6958295725192761
22.29,0.6979694292068346
22.3,0.697184933342236
22.31,0.6858048617679049
22.32,0.6924796370311529
22.33,0.6939727800547569
22.34,0.69690698862995
22.35,0.6882042274717023
22.36,0.6971962935226168
22.37,0.6976358412305492
22.38,0.6817613280156931
22.39,0.6963417073881457
22.4,0.6874806559434536
22.41,0.7013442076391738
22.42,0.6894873997935042
22.43,0.6892915153698924
22.44,0.691455236815006
22.45,0.6870511893720348
22.46,0.6861303479430485
22.47,0.6839354491028771
22.48,0.686614620264802
22.49,0.6923755537893026
22.5,0.6919927497853099
22.51,0.6899404824379378
22.52,0.6924500885172525
22.53,0.691055190060069
22.54,0.6871377434760977
22.55,0.6843123023935481
22.56,0.6862034927179533
22.57,0.6829222404416524
22.58,0.6952822685067082
22.59,0.6884977787477217
22.6,0.7013056800554235
22.61,0.6870416981782788
22.62,0.6867734592043366
22.63,0.6879038399780893
22.64,0.6851909928184932
22.65,0.6838696715415679
22.66,0.6805303734086603
22.67,0.690930395822942
22.68,0.6840831950926223
22.69,0.6970402731812576
22.7,0.6874462287405435
22.71,0.6889287998200286
22.72,0.6784942919572504
22.73,0.6829254587380499
22.74,0.6883292511344502
22.75,0.6814149451695093
22.76,0.6786128558449221
22.77,0.6833013188531148
22.78,0.6759703262199928
22.79,0.6853592288600394
22.8,0.6896023463759902
22.81,0.6891086977835673
22.82,0.6802612243331028
22.83,0.6776439523068255
22.84,0.6765128240013955
22.85,0.6845241442300386
22.86,0.6847189294813737
22.87,0.6754474684356203
22.88,0.6847101059524835
22.89,0.6856586653784751
22.9,0.6809841577765611
22.91,0.6832554430176211
22.92,0.6874248782879285
22.93,0.6804440584689977
22.94,0.6829525485843936
22.95,0.6758803027666788
22.96,0.689033225978178
22.97,0.6870330866008297
22.98,0.688385846486935
22.99,0.6717647347831895
23.0,0.6952933441559318
23.01,0.6914391875886995
23.02,0.6987353843846229
23.03,0.6954396801120566
23.04,0.6929871085999496
23.05,0.6953812047494407
23.06,0.6909202074683048
23.07,0.6895060685829306
23.08,0.694945056359147
23.09,0.6887205435179952
23.1,0.6979309457076242
23.11,0.6946886769835937
23.12,0.6941798085424399
23.13,0.6991444445930982
23.14,0.693979218542209
23.15,0.6902940439497626
23.16,0.6922943609126679
23.17,0.6940882622919204
23.18,0.6937843425842957
23.19,0.7039792997187967
23.2,0.6859402031985226
23.21,0.6990194970628264
23.22,0.6994884879055664
23.23,0.6978581410619102
23.24,0.7002160391379841
23.25,0.6862472866942523
23.26,0.6928110686554639
23.27,0.691019381621544
23.28,0.7049198590966607
23.29,0.69864483534934
23.3,0.6903043893978298
23.31,0.6899225868716458
23.32,0.7050490667551466
23.33,0.6950013276559581
23.34,0.6989752350147149
23.35,0.6886458297671545
23.36,0.688016885244059
23.37,0.6898061257818279
23.38,0.6939983739260316
23.39,0.6891493265250422
23.4,0.6912464708412054
23.41,0.6941075917353737
23.42,0.6976660009221454
23.43,0.6883212041613266
23.44,0.6916456267294805
23.45,0.6898338527602785
23.46,0.6904416844804324
23.47,0.6875369358027246
23.48,0.6902918141448187
23.49,0.6898717444020563
23.5,0.6969554183923223
23.51,0.6933391076040983
23.52,0.69719408983972
23.53,0.6951266297178278
23.54,0.696080475273772
23.55,0.6977050114955703
23.56,0.6900387707882345
23.57,0.6942316792482428
23.58,0.6905051221199954
23.59,0.7038917970101168
23.6,0.6917912086222477
23.61,0.6941893612815583
23.62,0.6985519058531809
23.63,0.7012397320480921
23.64,0.6967489193464916
23.65,0.6996734663150398
23.66,0.7017019532755769
23.67,0.701574713576724
23.68,0.7120471249068827
23.69,0.7017899198237406
23.7,0.6976541501287615
23.71,0.7021781557609853
23.72,0.6974243893899609
23.73,0.7137611142952031
23.74,0.7032775388472963
23.75,0.7098390904344046
23.76,0.7146310372506542
23.77,0.7085578674899562
23.78,0.7038834099299802
23.79,0.6985261198714563
23.8,0.7040384076529788
23.81,0.7022916638033908
23.82,0.7163672957865032
23.83,0.7086171695722681
23.84,0.7040523232176068
23.85,0.7153092726757316
23.86,0.7147284868704495
23.87,0.7098721305757274
23.88,0.7141950677297212
23.89,0.6987302403475713
23.9,0.7059179150843882
23.91,0.7105557215851567
23.92,0.7140434989356814
23.93,0.7083139176316328
23.94,0.7030345096349816
23.95,0.7149166736097742
23.96,0.7056207612479025
23.97,0.7119922016688004
23.98,0.7044908350497442
23.99,0.7104716336709622
24.0,0.7111000405792326
24.01,0.6964287625630368
24.02,0.6998633163525465
24.03,0.7054204972145891
24.04,0.7087118989557178
24.05,0.7129789674066307
24.06,0.7072001081354684
24.07,0.6985573220736839
24.08,0.7136838012353216
24.09,0.7019466006829855
24.1,0.7059526192480253
24.11,0.7118528339151561
24.12,0.7130790669115192
24.13,0.7155308831669712
24.14,0.7164281471452545
24.15,0.7130686112947867
24.16,0.7070868086860111
24.17,0.7121364180354737
24.18,0.7127925424097366
24.19,0.704579727797468
24.2,0.7024961684980695
24.21,0.7131764070161204
24.22,0.7084952318683838
24.23,0.7102642145993343
24.24,0.7099954355785705
24.25,0.7192921844663704
24.26,0.715118942368831
24.27,0.7058265924717367
24.28,0.7158103741134367
24.29,0.7038876994008374
24.3,0.713977722144018
24.31,0.7085985916615481
24.32,0.7160627606458461
24.33,0.721012425697402
24.34,0.7214451238419867
24.35,0.7201090319144048
24.36,0.7207356185037418
24.37,0.7199903750138255
24.38,0.7210494307534423
24.39,0.7210499564875656
24.4,0.7159811421251995
24.41,0.7245644333782492
24.42,0.7255973143570174
24.43,0.7202905342976748
24.44,0.7230389629273472
24.45,0.7303999211084687
24.46,0.7277416141108353
24.47,0.7279669741198882
24.48,0.7313827422421596
24.49,0.7342912808949735
24.5,0.7333222032555614
24.51,0.7266002714626013
24.52,0.7242942144834925
24.53,0.733387103980504
24.54,0.7349610153033459
24.55,0.7374621356347772
24.56,0.7353320797191143
24.57,0.7393654103606921
24.58,0.73655164489169
24.59,0.7326410016018232
24.6,0.7405491738850746
24.61,0.7340672128120326
24.62,0.7373782728893226
24.63,0.7384264575843641
24.64,0.7365853873736041
24.65,0.7431345488153633
24.66,0.7418184175761263
24.67,0.7403410240769884
24.68,0.7345558378667594
24.69,0.7425143817166026
24.7,0.7389622834884675
24.71,0.7409594876433608
24.72,0.7447517342970983
24.73,0.7375942365962479
24.74,0.744495758439635
24.75,0.7418822210659207
24.76,0.7323763750166709
24.77,0.7410142323045529
24.78,0.7533909458085919
24.79,0.7460055870340653
24.8,0.7533893923100099
24.81,0.7393320012210949
24.82,0.740244882711633
24.83,0.7400064706333859
24.84,0.7515993559405658
24.85,0.7379560593549918
24.86,0.7634982566388575
24.87,0.7485329742308388
24.88,0.7597241279695998
24.89,0.7529580364136117
24.9,0.7405456068160899
24.91,0.7578458601031637
24.92,0.7493078995248685
24.93,0.7544750963839225
24.94,0.7481744588438849
24.95,0.7471476175006456
24.96,0.7492020968800451
24.97,0.7518831549774749
24.98,0.7493235692027322
24.99,0.7536365547872973
25.0,0.7573860690627685
25.01,0.7501042076063736
25.02,0.7510359013910762
25.03,0.7614361751273315
25.04,0.7609470949427934
25.05,0.7609793640312786
25.06,0.7612447303982752
25.07,0.7680271123822299
25.08,0.7592124156437308
25.09,0.7641797173751325
25.1,0.7641179877160287
25.11,0.7638262609616647
25.12,0.7620619470336962
25.13,0.7662977834177399
25.14,0.768706690453363
25.15,0.7699502303060716
25.16,0.7640150196033947
25.17,0.7655164738073315
25.18,0.7745082296029326
25.19,0.7719421856342503
25.2,0.7804435408855628
25.21,0.7722402714324232
25.22,0.7754139411872781
25.23,0.784521091447866
25.24,0.7744788782558402
25.25,0.7736487886529944
25.26,0.7745608626258276
25.27,0.7747851002934434
25.28,0.7752143304797402
25.29,0.7757467747989398
25.3,0.7866130749262013
25.31,0.7730855943112909
25.32,0.7734096270180247
25.33,0.7817499208293426
25.34,0.7827789758322566
25.35,0.7776714999162265
25.36,0.7824599078003457
25.37,0.7852912483968156
25.38,0.7805030566563679
25.39,0.7825799566303182
25.4,0.7822746804304207
25.41,0.7813246768210413
25.42,0.7870649690415841
25.43,0.7859529922539304
25.44,0.7843986235195004
25.45,0.7859087240287145
25.46,0.7818531472815613
25.47,0.7959743331782051
25.48,0.7783378718848827
25.49,0.7775983518142996
25.5,0.7891455957869441
25.51,0.7846231132168685
25.52,0.7813922741073642
25.53,0.7968357366132826
25.54,0.7816952911991821
25.55,0.7967445541112194
25.56,0.7803078531377329
25.57,0.7958280114853727
25.58,0.7839260408524957
25.59,0.7893467384116567
25.6,0.7847657668551623
25.61,0.7882772417180737
25.62,0.7851130578737342
25.63,0.796943635601137
25.64,0.7948257814437343
25.65,0.7998470557316313
25.66,0.8027514401098038
25.67,0.7993789551191449
25.68,0.7990765335400939
25.69,0.7923687564973539
25.7,0.7995946349771669
25.71,0.7935183442784471
25.72,0.7972111532555431
25.73,0.7928527185581093
25.74,0.8037981522625857
25.75,0.8067930747754849
25.76,0.7979222302482343
25.77,0.8034823610735495
25.78,0.7925781899021145
25.79,0.800530852669945
25.8,0.8017720703035816
25.81,0.8018923942670922
25.82,0.7949827288976694
25.83,0.8014300844463009
25.84,0.7969917975668539
25.85,0.7996394126820587
25.86,0.8077612425300431
25.87,0.8033482122720518
25.88,0.8190078210093948
25.89,0.8101598971092546
25.9,0.8173580258644065
25.91,0.8083655596344987
25.92,0.8081800050058988
25.93,0.8135963424177658
25.94,0.8163350866036916
25.95,0.8157375438728953
25.96,0.825444606407426
25.97,0.8123576900702264
25.98,0.8150961343686659
25.99,0.8124222819161929
26.0,0.8176826727395115
26.01,0.8210391743186465
26.02,0.8208889725616876
26.03,0.8291117098477745
26.04,0.8163367906228853
26.05,0.8307891250579235
26.06,0.8282392422366401
26.07,0.8166058840027202
26.08,0.8181969611188599
26.09,0.8234927671220524
26.1,0.8284868101348676
26.11,0.8230795286862561
26.12,0.829776152225322
26.13,0.8283397079578685
26.14,0.831157070775911
26.15,0.8230561750578388
26.16,0.8407424111333969
26.17,0.8328473148885184
26.18,0.8322540503830824
26.19,0.8275930025847236
26.2,0.8282877206701179
26.21,0.832015731821504
26.22,0.8249024258983606
26.23,0.8292060835507679
26.24,0.8347661476089189
26.25,0.8329609720172914
26.26,0.829686542108157
26.27,0.8315993705494922
26.28,0.8282693945230165
26.29,0.8279787523243318
26.3,0.83885644922797
26.31,0.8312286830127145
26.32,0.8358116777128982
26.33,0.8281502844352605
26.34,0.8322653032596585
26.35,0.838365358807901
26.36,0.8376715815360329
26.37,0.8383954106100907
26.38,0.8367351445598777
26.39,0.8301487841331906
26.4,0.8344342455728929
26.41,0.8369163616059653
26.42,0.8475851534699951
26.43,0.8378176506252099
26.44,0.8350411733299182
26.45,0.8301591600785313
26.46,0.8456684502847094
26.47,0.8404064846536948
26.48,0.8324670133104047
26.49,0.8395458856883741
26.5,0.8345679504640083
26.51,0.8400473872482842
26.52,0.83948591717089
26.53,0.8420234739820349
26.54,0.8408216313285769
26.55,0.840614013550166
26.56,0.8350393994616103
26.57,0.8427023439598099
26.58,0.8368197447374806
26.59,0.8353601398938285
26.6,0.8332354587790021
26.61,0.835666055380686
26.62,0.8405015303042315
26.63,0.8529325732440853
26.64,0.8393036901514098
26.65,0.8437040704835278
26.66,0.8454258202534232
26.67,0.8466842126958941
26.68,0.8511696375585078
26.69,0.8498358907690597
26.7,0.8451465417545987
26.71,0.8498249189921631
26.72,0.8463224368143967
26.73,0.8434854030314757
26.74,0.8593685497759097
26.75,0.8586431529410364
26.76,0.8520885628245457
26.77,0.8669513722535661
26.78,0.8575602091188613
26.79,0.8548013419340907
26.8,0.8685069084207326
26.81,0.858160933850288
26.82,0.8542795913338156
26.83,0.8621212465513013
26.84,0.8471767802382288
26.85,0.8573647799321755
26.86,0.8558499667262643
26.87,0.859650097729729
26.88,0.8531619393365815
26.89,0.8618778254345754
26.9,0.8627319562568366
26.91,0.8590095319708506
26.92,0.8605689236477625
26.93,0.8608610328009361
26.94,0.8650152148160886
26.95,0.8694607300519059
26.96,0.8636759866484732
26.97,0.8638959391005793
26.98,0.8594265390700329
26.99,0.8678592389295523
27.0,0.8664113077070257
27.01,0.8702216252888283
27.02,0.8646226329503433
27.03,0.8657841741391759
27.04,0.8660925526146448
27.05,0.8642893069628869
27.06,0.855998114861219
27.07,0.866225682871629
27.08,0.8624178161102596
27.09,0.8713474834535655
27.1,0.8691737763863374
27.11,0.869439107256658
27.12,0.8714088094153062
27.13,0.8685126911296793
27.14,0.8636589685881711
27.15,0.8600061291558279
27.16,0.871586696162223
27.17,0.872326477686424
27.18,0.8563879752348078
27.19,0.871991795151376
27.2,0.8609370708680404
27.21,0.8740264341201498
27.22,0.866445748242646
27.23,0.8655613279156418
27.24,0.8775718762976263
27.25,0.8787689786340024
27.26,0.8668554736454327
27.27,0.8741060249486095
27.28,0.8696108541251918
27.29,0.8778437742066246
27.3,0.8692665280304238
27.31,0.8761467966088068
27.32,0.8794906323095694
27.33,0.8822753101373214
27.34,0.8669269089135371
27.35,0.8734221155428095
27.36,0.8707600460698971
27.37,0.8690386850496008
27.38,0.8674821313577101
27.39,0.8735761617140123
27.4,0.8703996575881625
27.41,0.870380994848257
27.42,0.8828141520654048
27.43,0.8736113215414423
27.44,0.8835514084681719
27.45,0.8843165348834938
27.46,0.8771804302467721
27.47,0.879688206407015
27.48,0.8799086919385116
27.49,0.886476608456642
27.5,0.8771000349196016
27.51,0.873408401785534
27.52,0.8761078955017968
27.53,0.8789605612844947
27.54,0.889734276459583
27.55,0.8759719827717055
27.56,0.8837923171637556
27.57,0.871883603109883
27.58,0.8830206899477266
27.59,0.8804448520662089
27.6,0.892580748325618
27.61,0.8880831920627521
27.62,0.8841305308651012
27.63,0.8799152093132219
27.64,0.8788197913508903
27.65,0.8908048200509244
27.66,0.8953699746520388
27.67,0.8854044151200122
27.68,0.8949035432748451
27.69,0.8886631505023852
27.7,0.8908248931179201
27.71,0.8919300536381183
27.72,0.8857065781581013
27.73,0.8920488233339935
27.74,0.8934593438390203
27.75,0.8930504878289723
27.76,0.8826903833777662
27.77,0.893507658799556
27.78,0.891297919664079
27.79,0.898536384729976
27.8,0.8986527970691737
27.81,0.895310931541418
27.82,0.9026198429099977
27.83,0.8866664472804547
27.84,0.8873943218462388
27.85,0.8998244912060286
27.86,0.9022944578569406
27.87,0.9011134382086372
27.88,0.8937972514785071
27.89,0.8923133456795337
27.9,0.8939160095168239
27.91,0.9069184999043036
27.92,0.9035967407208472
27.93,0.8920246543706079
27.94,0.8942130131389173
27.95,0.8996005896505134
27.96,0.8974582138919999
27.97,0.8971668595199367
27.98,0.8898003269831275
27.99,0.8984153556335707
28.0,0.9059609168794908
28.01,0.8968858937587981
28.02,0.891764986325695
28.03,0.9032389133700808
28.04,0.8983348095849266
28.05,0.9007095563882209
28.06,0.894184432942492
28.07,0.9076803262353104
28.08,0.8952434821577828
28.09,0.900082164745204
28.1,0.900179874534376
28.11,0.8993048942110743
28.12,0.8970920359113405
28.13,0.8870126190303551
28.14,0.8863628937240081
28.15,0.9011128916534829
28.16,0.8877624009584898
28.17,0.8918581737413116
28.18,0.8972085023168747
28.19,0.8961464554786981
28.2,0.8949007672406576
28.21,0.8935295684074013
28.22,0.897091241366506
28.23,0.8995700256437247
28.24,0.8966369853788861
28.25,0.8911078210579038
28.26,0.8931751796880188
28.27,0.8863734891191986
28.28,0.9036202819231679
28.29,0.8963352771132583
28.3,0.9077536565204036
28.31,0.9062502348686983
28.32,0.9036237674762794
28.33,0.8981708027666948
28.34,0.8847292112261269
28.35,0.8987407025521221
28.36,0.8829684592438255
28.37,0.901618570249793
28.38,0.9059146467359842
28.39,0.8957861186842491
28.4,0.8982575251896739
28.41,0.895641611114968
28.42,0.8911690544886799
28.43,0.894758362968278
28.44,0.9017303685989433
28.45,0.9067450369334015
28.46,0.9007035247600712
28.47,0.8903692745757427
28.48,0.9001578331213441
28.49,0.8964627972016715
28.5,0.8983478870294179
28.51,0.8951045144057105
28.52,0.9017583055898047
28.53,0.8996536723309555
28.54,0.9006417582923782
28.55,0.8956287326586186
28.56,0.9033264146178942
28.57,0.8926359040875185
28.58,0.8937729998766827
28.59,0.9030086290149977
28.6,0.9042296761372143
28.61,0.9024045885387206
28.62,0.8997822269778777
28.63,0.9014156130158817
28.64,0.9059517398239719
28.65,0.8970495644358519
28.66,0.8972598084036343
28.67,0.9030967160346873
28.68,0.9062431266629107
28.69,0.9020130690359252
28.7,0.9122918518683503
28.71,0.8976628798322962
28.72,0.9039400143377185
28.73,0.9049032746691663
28.74,0.9040569146459081
28.75,0.9004956585922874
28.76,0.8982655319949889
28.77,0.8958176102798521
28.78,0.8957721148034167
28.79,0.8984866150184188
28.8,0.8962154774693112
28.81,0.8942300160191753
28.82,0.8943833008777973
28.83,0.8974630522034412
28.84,0.8981780073995131
28.85,0.9023291510907405
28.86,0.9003735569904594
28.87,0.9005819117933342
28.88,0.9010266534536758
28.89,0.8936312117911384
28.9,0.8937163506789082
28.91,0.8894009665756151
28.92,0.8936276369675409
28.93,0.8953393641708948
28.94,0.8910576721642239
28.95,0.8994736163123606
28.96,0.8900659406379295
28.97,0.8956450649843014
28.98,0.8910722974541987
28.99,0.8943782488263579
29.0,0.894895644526207
29.01,0.8948780673696218
29.02,0.8895183132654055
29.03,0.8982308147549338
29.04,0.885021770764415
29.05,0.89528157093238
29.06,0.8979874957547961
29.07,0.8839611393071944
29.08,0.8968389490831187
29.09,0.8923812120039208
29.1,0.8917534308768054
29.11,0.890306054309345
29.12,0.8784827922673799
29.13,0.8890549749986555
29.14,0.8899956745644533
29.15,0.8760358929673405
29.16,0.884659345424823
29.17,0.8893189572779776
29.18,0.884170584176746
29.19,0.8860517119575572
29.2,0.8895646643166313
29.21,0.885540583378525
29.22,0.8839655709035956
29.23,0.8966060965141461
29.24,0.8906794050285513
29.25,0.8878574679416236
29.26,0.8851699748264201
29.27,0.8874215915573981
29.28,0.8868137741157629
29.29,0.8856948401870269
29.3,0.8860501926660777
29.31,0.8762601474321674
29.32,0.894964183659268
29.33,0.8923926098670633
29.34,0.8989492179340237
29.35,0.8894985873667178
29.36,0.8888998741258674
29.37,0.8890689012518432
29.38,0.8878569760179092
29.39,0.8876193651103802
29.4,0.8889876901666504
29.41,0.8961339926422591
29.42,0.8928543327749376
29.43,0.900790141394645
29.44,0.8896768757467426
29.45,0.8952876676037838
29.46,0.8934108737006419
29.47,0.8820890965818119
29.48,0.8899976308476968
29.49,0.8981256965181452
29.5,0.901474959334055
29.51,0.8978137059867741
29.52,0.9012106258975771
29.53,0.9027745551250138
29.54,0.8941202204139239
29.55,0.9009936769646186
29.56,0.8999685009445255
29.57,0.9031844600796609
29.58,0.8950626781069149
29.59,0.8974291970355338
29.6,0.8967050764388681
29.61,0.8986061744084572
29.62,0.8974241665215547
29.63,0.900905399141122
29.64,0.9020152081154955
29.65,0.8971445611606886
29.66,0.8989462865746882
29.67,0.908258541533136
29.68,0.8964919459475068
29.69,0.9117590325016063
29.7,0.8920435425781198
29.71,0.9062701072164228
29.72,0.9071090894514687
29.73,0.9058428924315833
29.74,0.9020536879208058
29.75,0.9009892708789927
29.76,0.908378776040283
29.77,0.9068087234684201
29.78,0.8990054713314609
29.79,0.9060404962100944
29.8,0.9063178621160783
29.81,0.9051191472465576
29.82,0.9088402192301265
29.83,0.9042035674663386
29.84,0.897834273902026
29.85,0.9048821511699323
29.86,0.9074375769753141
29.87,0.90572190853422
29.88,0.8959169880970769
29.89,0.9087899756399409
29.9,0.9122891481296349
29.91,0.9096416152783214
29.92,0.8981734232556732
29.93,0.9044934523633646
29.94,0.9119714862369861
29.95,0.9172248147545097
29.96,0.908045169905824
29.97,0.9142457226515678
29.98,0.906079063540487
29.99,0.9129642696252785
30.0,0.9092190571658699
