t,v_RVLM vs. t
0.0,14.768969751805898
0.01,15.027232248153632
0.02,13.590556632156789
0.03,15.129852466886557
0.04,15.801264424649212
0.05,14.002222061626071
0.06,14.130182480037837
0.07,14.411797847678084
0.08,12.580484156278684
0.09,15.115742025944684
0.1,15.896906769621504
0.11,13.496461741516942
0.12,12.415711728166105
0.13,12.162854987950945
0.14,12.353840031255164
0.15,12.67120799082168
0.16,11.41454443756232
0.17,10.97963728841852
0.18,10.986313242990947
0.19,13.262692148001399
0.2,10.657956888367595
0.21,9.647325673865897
0.22,11.395771466989478
0.23,10.399319885254007
0.24,10.924546150421998
0.25,10.237446819123084
0.26,12.668707686284474
0.27,10.894760309006397
0.28,8.966085590879146
0.29,10.890318485779614
0.3,9.470565610968013
0.31,9.98295925315755
0.32,10.106706248645024
0.33,11.145290603096782
0.34,12.60268627489365
0.35,11.240376030432067
0.36,10.666501202819195
0.37,10.595359997762072
0.38,13.080212616217485
0.39,14.490307720295062
0.4,10.954761216664856
0.41,11.876202499436275
0.42,11.161618325852416
0.43,12.577558460542743
0.44,13.164092432057
0.45,12.57869803969834
0.46,11.62748336890779
0.47,12.684804974903878
0.48,13.057833311039294
0.49,13.155124986078848
0.5,13.548376357212907
0.51,14.503584952792899
0.52,13.786097233098111
0.53,12.56752619526415
0.54,13.84744675970217
0.55,15.78845530031009
0.56,15.929320598459222
0.5700000000000001,13.0606236729183
0.58,13.569892090870828
0.59,12.942354323747628
0.6,14.368769498523584
0.61,13.259038040020423
0.62,12.298698290974569
0.63,13.797661417813307
0.64,15.071255095885116
0.65,12.616403504293986
0.66,14.31421560967632
0.67,14.958484702857755
0.68,14.253986720103327
0.6900000000000001,13.27049109400749
0.7000000000000001,15.457116854662525
0.71,14.058844023656494
0.72,15.110704229552294
0.73,14.349678505902677
0.74,13.14657752617917
0.75,14.21230709509813
0.76,13.64593552345702
0.77,13.648037788610065
0.78,14.590623176526549
0.79,15.012683501644913
0.8,13.809942545979284
0.81,14.975383940993115
0.8200000000000001,13.650402954607078
0.8300000000000001,13.705142204239444
0.84,14.967891992562107
0.85,13.993307912813513
0.86,14.64434412072432
0.87,16.442582537315136
0.88,14.854380369785734
0.89,12.942097641423775
0.9,14.47917592316647
0.91,13.511277051714018
0.92,12.989696484608684
0.93,14.090286042928842
0.94,14.576918941003644
0.95,14.831873816150319
0.96,14.84967998206152
0.97,14.97137491234047
0.98,15.215685688846332
0.99,13.908870373790027
1.0,15.001694045868048
1.01,14.930536115617024
1.02,14.992212885283989
1.03,15.005593075182054
1.04,16.021216020750746
1.05,14.124396488109946
1.06,15.264789286312377
1.07,14.805246721824377
1.08,14.384506720365072
1.09,13.962453985194154
1.1,12.769508488489985
1.11,12.282744166549822
1.12,12.82140429268718
1.13,12.296282126171441
1.14,11.528207790168866
1.15,12.257241222263065
1.16,11.748523949951235
1.17,10.777531568085154
1.18,11.161662763273762
1.19,11.075655280003067
1.2,10.303995105290634
1.21,11.331786790528213
1.22,9.459268177569108
1.23,10.245399527484587
1.24,10.073927856287806
1.25,11.682282746592884
1.26,11.755776855600978
1.27,11.419782986568297
1.28,10.543110617493928
1.29,10.616973278204213
1.3,10.922012647611501
1.31,10.749884948307786
1.32,10.401614562149783
1.33,12.45797745917597
1.34,11.320707795689804
1.35,12.398444551952688
1.36,13.464990048049017
1.37,12.500223753410049
1.38,11.846875421028631
1.39,12.233997878248541
1.4,13.720001671201715
1.41,11.773109418040336
1.42,13.376078414345393
1.43,12.600610719889216
1.44,13.067615119416843
1.45,14.484464069591137
1.46,12.726360817349352
1.47,12.70403057189673
1.48,14.561635381691545
1.49,12.707241420169371
1.5,14.94857423073971
1.51,13.293704993216329
1.52,15.343801553519786
1.53,14.46346057926698
1.54,14.862712552999097
1.55,12.920195823409577
1.56,12.764259329887258
1.57,16.28102164032947
1.58,14.937200192046511
1.59,12.895226576728595
1.6,14.071628231326002
1.61,14.72512388756538
1.62,13.582538062124653
1.63,13.232700128321747
1.64,15.486571914925126
1.65,14.32276632427222
1.66,14.653182622968995
1.67,14.273664219435927
1.68,14.422571376149863
1.69,13.474097404366825
1.7,13.50157246067287
1.71,14.250683785212933
1.72,13.669199599987095
1.73,15.682974342982916
1.74,14.639731402901923
1.75,14.135379376914743
1.76,15.165301540594431
1.77,13.97379094344381
1.78,14.492887644484806
1.79,13.575308846482121
1.8,15.312161407101403
1.81,13.033545893990032
1.82,12.664797095008689
1.83,15.838926841299726
1.84,13.956178922886089
1.85,15.335974329255645
1.86,15.068640156488803
1.87,16.133824371587842
1.88,15.06112439535971
1.89,15.61978548632137
1.9,13.758066027855167
1.91,15.76799409477953
1.92,15.961916506768748
1.93,16.306926102059812
1.94,15.601605891374332
1.95,13.861089405325956
1.96,15.71262881472996
1.97,14.303279059618411
1.98,16.434134010496702
1.99,13.693440552254666
2.0,12.958765112685498
2.01,16.387795404486713
2.02,14.986715560871144
2.03,13.338102366258699
2.04,16.432950593181133
2.05,13.205994522891489
2.06,13.759970600916404
2.07,11.78983826275514
2.08,12.871661576969515
2.09,13.0314070095127
2.1,11.348277660000294
2.11,12.31410435268814
2.12,11.056440976124156
2.13,12.708731941911298
2.14,9.564030253120212
2.15,10.888840834313081
2.16,11.356365995565898
2.17,11.566622632905768
2.18,9.799995216400706
2.19,10.448041482703848
2.2,10.205661335055096
2.21,10.582550678330403
2.22,9.492053370497484
2.23,10.401883304994255
2.24,10.21613660721805
2.25,12.040635967608939
2.26,8.536031730742867
2.27,11.205538826813944
2.28,11.547201654820402
2.29,11.423255905211867
2.3000000000000003,12.648843747664706
2.31,11.418600596485954
2.32,11.3845341682714
2.33,13.125341164749388
2.34,12.239990270655364
2.35,12.526945054942292
2.36,11.866276131337989
2.37,12.358051547850577
2.38,13.24552002807222
2.39,12.751060532850937
2.4,13.330032518632947
2.41,11.971804232895146
2.42,13.76072283414321
2.43,11.667667752248384
2.44,13.520568231521281
2.45,13.269162402302875
2.46,13.816521986453374
2.47,12.979722198294192
2.48,14.929508283089389
2.49,13.173690604708666
2.5,14.981428169905373
2.51,13.193745588227614
2.52,14.321222884316638
2.53,13.561282386042445
2.54,15.579899513583623
2.5500000000000003,14.070331353002459
2.56,13.881286800713246
2.57,14.39831257471985
2.58,14.017546563452695
2.59,13.338678320665421
2.6,14.62869080354307
2.61,14.70618627143449
2.62,14.615425639821884
2.63,13.090388907289162
2.64,13.232892982404545
2.65,14.696021551843268
2.66,15.682968199785618
2.67,14.031710000836865
2.68,14.465706620007415
2.69,12.331862207744907
2.7,15.90211775852408
2.71,12.535210392090667
2.72,14.447613868309924
2.73,12.624272707217466
2.74,13.489742736970435
2.75,13.855532118054704
2.76,14.249880332061304
2.77,13.737501532769455
2.78,15.353754063931135
2.79,14.301611028907065
2.8000000000000003,14.344601319126319
2.81,15.762050244667673
2.82,14.473323058339364
2.83,15.42471583118442
2.84,14.292867424346047
2.85,14.844791956271127
2.86,14.713927084715225
2.87,15.178199827290653
2.88,15.03645678133413
2.89,13.096290438684887
2.9,16.07152934511801
2.91,15.232446153350494
2.92,14.496653662001153
2.93,15.031882542981187
2.94,15.025038302047257
2.95,15.293912688951568
2.96,14.747269908795829
2.97,15.574841717301245
2.98,14.776374108626586
2.99,14.36122441140607
3.0,14.593610213616788
3.01,14.943531668128317
3.02,14.99749932774436
3.03,13.368973208380455
3.04,11.946406708893551
3.0500000000000003,13.62379039939436
3.06,12.683160203778918
3.0700000000000003,12.222025626706714
3.08,11.88639378980888
3.09,11.778387163705634
3.1,11.88857831635052
3.11,11.70006122920399
3.12,11.450429817675644
3.13,10.131956697690558
3.14,10.509537048920597
3.15,10.713531795525956
3.16,10.664208985232214
3.17,11.968453553578586
3.18,9.94899993282573
3.19,9.210564486724037
3.2,10.38489848457417
3.21,9.928041789794438
3.22,10.043016150734859
3.23,10.275427076426205
3.24,9.95695122569528
3.25,11.07677559970225
3.26,9.866291274157051
3.27,10.740150736534845
3.28,11.219107691205187
3.29,10.88103743817967
3.3000000000000003,11.925397823039527
3.31,11.619558452994916
3.3200000000000003,12.643379414276547
3.33,13.311561192926415
3.34,13.098165559201083
3.35,11.597168528062737
3.36,13.159658820806982
3.37,13.447107714355626
3.38,13.712855027678257
3.39,12.25454824732963
3.4,14.104839345839643
3.41,12.693626752321292
3.42,14.498535661770081
3.43,14.998335175755768
3.44,13.006276222662276
3.45,11.573202289214752
3.46,12.908227795382802
3.47,12.01942729723688
3.48,13.541583523368049
3.49,13.622116228870983
3.5,13.861018544964681
3.51,14.503793537575087
3.52,13.945949058394804
3.53,16.250116169410173
3.54,13.962589595833823
3.5500000000000003,13.342145367018995
3.56,12.382032993596875
3.5700000000000003,12.35352872468053
3.58,14.79040480586773
3.59,15.073580490094038
3.6,14.42972631298255
3.61,14.909610490348484
3.62,14.671837973420624
3.63,15.317664075167547
3.64,14.986973896725553
3.65,14.275665791019327
3.66,14.48022278247746
3.67,14.395311708178387
3.68,13.730657274683296
3.69,14.206672224122292
3.7,12.315608332982979
3.71,15.633108924996863
3.72,14.223973520774297
3.73,13.98855413687899
3.74,14.152605376562917
3.75,13.573603361535598
3.76,15.72577930834516
3.77,14.556388942782275
3.78,14.010514875521105
3.79,13.522793238420187
3.8,17.03935935996503
3.81,14.291250539799659
3.82,14.868149334543526
3.83,14.22960949741236
3.84,14.853978959602303
3.85,16.262437980099303
3.86,13.556399607696974
3.87,13.900822440586275
3.88,16.362139715227705
3.89,13.912883584208869
3.9,12.649202615157428
3.91,14.709686571419672
3.92,14.546786317636686
3.93,13.460004966832805
3.94,16.432145821122514
3.95,14.297454784410437
3.96,14.791401560183097
3.97,16.000106437665764
3.98,15.759130105826223
3.99,15.490854197098129
4.0,13.71062902208348
4.01,15.593591496116723
4.0200000000000005,13.368825061007586
4.03,11.472470830861148
4.04,13.456548432369706
4.05,11.623583045927768
4.0600000000000005,14.474513082513358
4.07,11.331751535183686
4.08,11.097782948911298
4.09,10.093943219293715
4.1,10.881751305448043
4.11,11.223435346686275
4.12,11.079173104222093
4.13,10.127191846601734
4.14,11.467527173419265
4.15,10.193438853522832
4.16,11.024358315066642
4.17,11.390424305545585
4.18,10.162154122057558
4.19,10.899252901763491
4.2,10.751309862175528
4.21,11.881693046146003
4.22,11.563558820076258
4.23,9.464130049548267
4.24,11.040081696897454
4.25,10.124062238534563
4.26,12.972371817396168
4.2700000000000005,10.991765744420782
4.28,12.661525535956926
4.29,12.786218769930233
4.3,13.420453618643528
4.3100000000000005,12.688797852036306
4.32,11.847969760690114
4.33,13.486589287120653
4.34,12.663528909274785
4.3500000000000005,14.008896602539558
4.36,13.064668364335233
4.37,13.588205730611383
4.38,13.255085233305063
4.39,14.033207770616686
4.4,14.41163807502208
4.41,13.298554882612834
4.42,14.501634847708878
4.43,12.736980197885915
4.44,12.969023941607196
4.45,14.468064080405583
4.46,13.69616077869126
4.47,13.811750913447083
4.48,13.981671491172449
4.49,14.418175749572198
4.5,13.901897067025214
4.51,15.303131306962129
4.5200000000000005,14.105738864695297
4.53,12.78288955751521
4.54,15.18497244309296
4.55,13.115028343789369
4.5600000000000005,13.300155420941035
4.57,14.4887023661129
4.58,13.229139419035368
4.59,13.69125156254551
4.6000000000000005,15.313030895429034
4.61,14.279665655607616
4.62,15.488516093503538
4.63,14.077843297977598
4.64,15.347009222554464
4.65,14.339850085831973
4.66,12.594266721173387
4.67,13.161796385642749
4.68,12.925475192900986
4.69,14.605196596666106
4.7,14.1955631751373
4.71,14.740503612696177
4.72,14.302594576187687
4.73,16.014005285292924
4.74,14.251848352926826
4.75,14.650933198789385
4.76,16.48046725949734
4.7700000000000005,13.330025007982092
4.78,15.200902018260926
4.79,13.93827864106345
4.8,14.361004549687628
4.8100000000000005,13.040031318910561
4.82,14.177234703499588
4.83,15.728042265066435
4.84,14.611732485550917
4.8500000000000005,15.894387952316155
4.86,13.802491097716615
4.87,14.417442277048224
4.88,15.760275873696894
4.89,16.16256180749533
4.9,15.416773669377475
4.91,15.355783945832025
4.92,14.858710975552071
4.93,15.378453280941091
4.94,13.832579070829102
4.95,12.943907469874036
4.96,13.125698171785613
4.97,11.573454448184018
4.98,14.25974990903897
4.99,12.345994844321778
5.0,13.301661965817942
5.01,11.82454833343242
5.0200000000000005,10.896915124784094
5.03,12.858238896396333
5.04,11.854077110815044
5.05,11.382105869542997
5.0600000000000005,13.159436790628492
5.07,10.780149062386181
5.08,10.331214568263217
5.09,9.676030923804678
5.1000000000000005,9.941406288785858
5.11,10.358541355922721
5.12,10.721449382274985
5.13,11.817289370597122
5.14,12.070297394429284
5.15,12.013233148430098
5.16,10.41349130835674
5.17,10.314125889583037
5.18,9.929042037640215
5.19,12.332733023511613
5.2,12.13165866668941
5.21,13.012884031356151
5.22,13.953361661335919
5.23,11.828687017844542
5.24,13.34728151774032
5.25,12.056233464632381
5.26,13.969113734834568
5.2700000000000005,12.455990736244411
5.28,15.420821151205153
5.29,11.289055730364485
5.3,11.256716594374357
5.3100000000000005,13.183857307144507
5.32,12.37208010694573
5.33,12.651548319702858
5.34,14.113150132637095
5.3500000000000005,11.701176857024617
5.36,12.267912257617152
5.37,14.150240845665174
5.38,13.207199254042365
5.39,13.548145176719608
5.4,11.988257483398629
5.41,14.228224826487514
5.42,12.256558865626312
5.43,11.443310960566844
5.44,14.82720045291222
5.45,12.312785848722681
5.46,12.81088660181757
5.47,14.480171557347107
5.48,13.66290799159843
5.49,14.372513324670695
5.5,13.366734846228075
5.51,13.969243800782689
5.5200000000000005,14.830036360276786
5.53,14.363185559759634
5.54,14.486817854164212
5.55,15.775724166752225
5.5600000000000005,13.294708818677538
5.57,12.755038756211068
5.58,12.695728017712792
5.59,13.080181746373764
5.6000000000000005,12.307755422859731
5.61,13.045589056544518
5.62,13.293698489109596
5.63,14.764491298390194
5.64,14.148335705167797
5.65,14.810572569692303
5.66,14.265688755325018
5.67,15.734063421345493
5.68,13.402839233182455
5.69,15.41406809302321
5.7,13.150986287991556
5.71,14.485623807468464
5.72,15.060252575678907
5.73,14.641075108956914
5.74,15.75478180977153
5.75,12.799244238335234
5.76,14.651467299476808
5.7700000000000005,14.83542758079832
5.78,12.75407890586978
5.79,13.55275751596384
5.8,13.422425872423714
5.8100000000000005,14.36684247417467
5.82,15.725191335020556
5.83,15.36531184175958
5.84,13.855357173975689
5.8500000000000005,13.873049969551673
5.86,15.875964667863025
5.87,15.0305029282548
5.88,15.70696499419802
5.89,13.596164574636477
5.9,16.488237169924297
5.91,15.031283301250042
5.92,11.640090822163405
5.93,12.59222363413589
5.94,11.82017992277016
5.95,11.523815588165238
5.96,11.914090711071044
5.97,12.340081192974614
5.98,11.12985095262031
5.99,10.723274198801617
6.0,10.23675164701211
6.01,10.828333140320709
6.0200000000000005,12.474773351182527
6.03,11.372870032939378
6.04,11.011503635561791
6.05,9.365632082294978
6.0600000000000005,9.262757140166016
6.07,10.11799644047941
6.08,11.037554631900232
6.09,10.205238583999078
6.1000000000000005,11.63411300533502
6.11,10.94840720798292
6.12,10.639198255620077
6.13,11.11234196768313
6.140000000000001,10.941717944931792
6.15,10.093108133101724
6.16,12.488646352406816
6.17,9.599581975846041
6.18,12.297661298998781
6.19,11.902689608741415
6.2,9.572889743319418
6.21,14.287986606430197
6.22,13.619036084182994
6.23,12.912511262596622
6.24,13.012712767734085
6.25,11.547679387285054
6.26,13.29495113935965
6.2700000000000005,12.419963219766117
6.28,12.297921545486307
6.29,13.045071798494401
6.3,11.226374894947213
6.3100000000000005,15.24191400305369
6.32,12.918976943576409
6.33,12.558349723103115
6.34,11.886236535838755
6.3500000000000005,14.07402201361721
6.36,13.467727458252341
6.37,12.434227061842215
6.38,13.042592166978162
6.390000000000001,11.964830767891884
6.4,13.567631374041413
6.41,13.541317687488482
6.42,14.169011029784592
6.43,13.782314322534772
6.44,13.476144286976224
6.45,14.874075193483383
6.46,13.97313286836556
6.47,13.478072927815973
6.48,14.058480280581167
6.49,16.386770651575855
6.5,14.549206527293821
6.51,11.468853562739966
6.5200000000000005,13.619157292889136
6.53,14.06115988645471
6.54,14.324234532690372
6.55,14.46747937689753
6.5600000000000005,13.959679228580613
6.57,13.223895495729337
6.58,14.16616717679426
6.59,13.610297778681247
6.6000000000000005,13.947033174930148
6.61,13.864541567079616
6.62,13.985096186859888
6.63,14.222594528587571
6.640000000000001,14.073155113728879
6.65,14.08626941506083
6.66,12.81918349634649
6.67,14.92260497850992
6.68,14.402219474523205
6.69,16.437544749729845
6.7,14.495829439557905
6.71,14.477228573332269
6.72,13.361094509460411
6.73,14.58082298225705
6.74,14.895168952626358
6.75,14.864490899243151
6.76,13.638231842018204
6.7700000000000005,14.181470865046704
6.78,14.593180266232721
6.79,15.510682244600288
6.8,14.745274816769696
6.8100000000000005,14.984172997022888
6.82,13.828387646737639
6.83,14.05904876282106
6.84,14.442472652400923
6.8500000000000005,13.912469675634906
6.86,15.784599663912742
6.87,15.022617709009307
6.88,14.643776692768016
6.890000000000001,13.566291204668905
6.9,13.203684488223036
6.91,12.64709889238346
6.92,10.607627818502277
6.93,12.902876729710892
6.94,11.45725881536405
6.95,10.510641042538213
6.96,9.722042398233045
6.97,12.370451057543093
6.98,10.21358676817158
6.99,11.178857391124035
7.0,11.991466799247847
7.01,11.124882381508336
7.0200000000000005,11.604512831313878
7.03,12.383772914944705
7.04,9.534772543000718
7.05,8.636657821083638
7.0600000000000005,10.500426857585722
7.07,10.157341979735936
7.08,12.047250144993559
7.09,10.906318937731347
7.1000000000000005,12.011411718574594
7.11,10.989308596399148
7.12,10.442145761808883
7.13,11.327100355590833
7.140000000000001,13.55956228847548
7.15,11.885252955530246
7.16,10.429265451824971
7.17,12.862149152323898
7.18,11.84685869393094
7.19,12.27280547196721
7.2,14.534384048198591
7.21,12.965559995807153
7.22,13.284247687572124
7.23,13.324917838436651
7.24,12.245058620820533
7.25,13.14449492641762
7.26,13.60988137210481
7.27,13.266889467418883
7.28,12.782791500345692
7.29,12.265082418531488
7.3,13.768280417431518
7.31,13.50060438703979
7.32,13.208381373825542
7.33,12.92390345766337
7.34,13.093128027164521
7.35,13.10884796587602
7.36,14.544223630323431
7.37,12.389603277447833
7.38,13.603072996558847
7.390000000000001,13.524937974398545
7.4,13.250393163240965
7.41,13.994202844436025
7.42,14.281602735047283
7.43,12.300314044488113
7.44,15.359566216989615
7.45,15.486118436068368
7.46,14.490035965274291
7.47,13.225826847634247
7.48,12.88795789207206
7.49,12.972137379251858
7.5,16.27500347269607
7.51,15.657240375887941
7.52,14.341841250572205
7.53,14.073099655365253
7.54,15.389179692857411
7.55,14.040425443911218
7.56,13.637582521695185
7.57,15.101945020441713
7.58,14.429183170903393
7.59,13.57014905937526
7.6,11.789923226835572
7.61,12.61532425776098
7.62,14.241533182159092
7.63,15.823115246652097
7.640000000000001,13.792810966755697
7.65,13.431200537162406
7.66,15.184651364966605
7.67,14.408145147520711
7.68,13.90926927039106
7.69,13.208034496515824
7.7,13.994921622210427
7.71,15.140521722384285
7.72,13.611897130360594
7.73,13.701479049085554
7.74,15.020941692168282
7.75,13.315521492978256
7.76,14.210268685245609
7.77,15.336309825947643
7.78,15.669405493980973
7.79,14.018620498643932
7.8,14.945753010927621
7.81,15.631657785303464
7.82,14.012179764126529
7.83,15.518236784110144
7.84,14.713271178189988
7.85,13.921597914758337
7.86,14.799233033446521
7.87,14.754365974794322
7.88,13.815143330796557
7.890000000000001,12.91765120704253
7.9,13.160183612531322
7.91,14.84931453621487
7.92,12.316908131165833
7.930000000000001,11.658472323999407
7.94,11.735586089656065
7.95,11.616180983118984
7.96,12.202090946905969
7.97,12.588814996042602
7.98,9.517736010631708
7.99,11.424374769082958
8.0,10.507074191008249
8.01,10.176723740973323
8.02,11.252744070355671
8.03,9.21733356564536
8.040000000000001,11.624379685406861
8.05,11.297104803141785
8.06,11.558274604484257
8.07,11.49340588989416
8.08,12.447052676857217
8.09,11.95434978672698
8.1,11.18974792064131
8.11,10.166542716690104
8.120000000000001,10.623317500838118
8.13,11.75774224097014
8.14,10.091173272081603
8.15,11.585682179603495
8.16,12.20537181013862
8.17,13.722138458713301
8.18,11.959735085082634
8.19,13.011102728668806
8.2,13.432971512257808
8.21,11.406751381333875
8.22,13.538874700824742
8.23,14.095929244840091
8.24,10.31874710189293
8.25,12.906800234181706
8.26,12.880973483773252
8.27,14.820135972000287
8.28,14.24442055274561
8.290000000000001,11.613288835658087
8.3,11.550812539445456
8.31,12.258043185396497
8.32,14.165663662320743
8.33,15.377972565268797
8.34,12.273390276740068
8.35,12.424323981446166
8.36,15.297999839361825
8.370000000000001,12.407395600960772
8.38,12.631168341232451
8.39,14.681397418250121
8.4,15.662213104986666
8.41,13.947214407555611
8.42,13.166620312821092
8.43,14.629980485982253
8.44,14.169491321916121
8.45,15.743019296270655
8.46,12.874500669555475
8.47,14.457878505565697
8.48,15.08958323790911
8.49,14.045528197176898
8.5,13.549289055571151
8.51,15.19219017338257
8.52,14.019774374337844
8.53,12.86348592162469
8.540000000000001,13.591693754918168
8.55,14.12321554556761
8.56,13.99468913307031
8.57,15.305237584791731
8.58,15.317939363327007
8.59,14.263024709220426
8.6,14.277048575226072
8.61,15.054984491899875
8.620000000000001,13.238164074503757
8.63,15.01251951712719
8.64,13.476893181137381
8.65,14.257729705160537
8.66,15.077982254449084
8.67,12.843162364049135
8.68,13.624466128980378
8.69,15.545181575986698
8.700000000000001,13.447718626979402
8.71,15.351359710546463
8.72,13.546239146719984
8.73,15.28413412347879
8.74,16.426524994839298
8.75,14.237054002541294
8.76,13.945481148502513
8.77,15.134126325087221
8.78,13.178381963639385
8.790000000000001,14.342364778215664
8.8,15.848887868261464
8.81,14.199342630431678
8.82,14.664043818260254
8.83,15.857457657609766
8.84,13.578900677879169
8.85,15.237056630371157
8.86,12.466368270630081
8.870000000000001,13.83291760943095
8.88,13.87602838361904
8.89,11.9669309977828
8.9,13.577113534607731
8.91,12.633724784295667
8.92,12.355888690983612
8.93,11.643840279669735
8.94,10.282268868382905
8.950000000000001,9.75269875871842
8.96,10.996014150668842
8.97,10.97418372118809
8.98,10.85520491696511
8.99,8.297198232589905
9.0,10.081244219035657
9.01,11.292384397849972
9.02,9.629482830374293
9.03,11.970478410278837
9.04,11.733865182875657
9.05,10.675523206033294
9.06,10.958054267509015
9.07,10.808869067327334
9.08,11.939475704928668
9.09,12.891061551648011
9.1,11.096718332656518
9.11,12.814755266468632
9.12,12.990363184012185
9.13,11.29325181838653
9.14,11.587531174445427
9.15,12.259522719850793
9.16,13.339305959802152
9.17,12.540631871065104
9.18,13.482360419955382
9.19,14.237865462538748
9.2,11.475746837135278
9.21,13.425277932462905
9.22,13.630265523570653
9.23,13.792943052554401
9.24,13.533506912045087
9.25,12.886898631033846
9.26,13.310335905958176
9.27,13.284564828276515
9.28,13.808392361729595
9.29,13.039692588318292
9.3,12.136086473283406
9.31,13.31542014569977
9.32,14.411781547428182
9.33,12.962108348175759
9.34,13.011470087209071
9.35,14.507634262949306
9.36,13.872611582823211
9.37,11.890982079561391
9.38,13.878511446249014
9.39,14.193586740338004
9.4,14.26965166701071
9.41,13.840528344134785
9.42,14.514459545150707
9.43,13.86163521914003
9.44,14.969873589702646
9.45,13.151266397825758
9.46,15.008353346525286
9.47,13.992093775367435
9.48,13.870156134484882
9.49,13.969562501562672
9.5,15.225184952951752
9.51,15.263519264847368
9.52,13.117433424663234
9.53,14.419980681089408
9.54,14.085448263731148
9.55,14.525594150095836
9.56,15.406864000760113
9.57,15.213964495324827
9.58,15.555643561339288
9.59,13.925867611060042
9.6,15.145734081799446
9.61,13.38994828137514
9.62,14.819311561513699
9.63,14.406705668871593
9.64,14.079603289268302
9.65,14.039918018030718
9.66,13.573196188743516
9.67,15.112428350170859
9.68,13.924301749111999
9.69,14.867676239470967
9.7,14.318979859216455
9.71,14.870220570194387
9.72,14.644369303604762
9.73,16.78066571528287
9.74,14.081173568591868
9.75,14.976220404882689
9.76,16.077528370589523
9.77,13.787117294805963
9.78,14.392741501901583
9.79,14.666788778076857
9.8,11.503970743957845
9.81,13.397569926787083
9.82,13.144707372445271
9.83,12.040304420704741
9.84,12.556152704974618
9.85,12.103755087621503
9.86,11.36921972644563
9.87,9.261555960688185
9.88,10.562108740118765
9.89,10.423194518501088
9.9,10.120914104163209
9.91,10.467531180464846
9.92,12.04830883746488
9.93,10.583969234627405
9.94,11.349944486613992
9.95,10.046780316759119
9.96,9.741464806770683
9.97,10.397572874392823
9.98,11.058102700991531
9.99,10.892406669110104
10.0,9.660220425821294
10.01,11.861293497262619
10.02,11.378554540300913
10.03,11.585974146144236
10.04,11.722814546100802
10.05,13.066587992561406
10.06,13.646207180422309
10.07,13.470116465632522
10.08,13.401769670079505
10.09,13.123426813660627
10.1,12.66114995745001
10.11,12.01747713258105
10.12,13.205051591792657
10.13,13.515942918652366
10.14,12.472015272452525
10.15,13.935926419518205
10.16,12.492014512985222
10.17,14.070731155764292
10.18,13.42217522890743
10.19,12.684479938249044
10.2,15.121899759896499
10.21,13.793082365823707
10.22,14.557448166729282
10.23,14.23928530890289
10.24,15.957129390509703
10.25,15.554236924086464
10.26,15.984544224707767
10.27,15.727562191864665
10.28,14.869833737084384
10.29,14.99593515168194
10.3,14.750298279947092
10.31,15.869284924004601
10.32,17.25218262343123
10.33,15.295070547815278
10.34,15.669440126474521
10.35,16.116111060235678
10.36,15.355950781955837
10.37,13.766118610851521
10.38,15.314409473164044
10.39,15.879142932093917
10.4,15.859528070664444
10.41,15.14259680355182
10.42,15.977959766154564
10.43,16.77300457524444
10.44,16.615853990065023
10.45,14.564779869767385
10.46,18.154404315747254
10.47,17.747569023933202
10.48,17.16873626557952
10.49,16.364051543180786
10.5,15.834732443485768
10.51,17.448679955869576
10.52,15.506031190298271
10.53,16.79059486833931
10.54,18.20566446321351
10.55,18.13717890258842
10.56,17.513209217990173
10.57,18.73606124792583
10.58,18.217295805087726
10.59,17.42044386269442
10.6,17.234009435432917
10.61,19.01076337725611
10.62,17.106305348236297
10.63,17.022790372372302
10.64,17.915183075007313
10.65,19.009586295426665
10.66,18.591604296094662
10.67,18.0316592645744
10.68,17.89792723165795
10.69,18.20685147100494
10.7,19.101496295103534
10.71,17.855530409225878
10.72,18.576405910619464
10.73,18.401917537094548
10.74,17.646774405129264
10.75,15.87352894645157
10.76,16.18327569860583
10.77,14.694996417643708
10.78,15.513155642177873
10.79,16.196270149722086
10.8,14.453172773911296
10.81,12.903868659414346
10.82,13.931317097548867
10.83,14.055553855391281
10.84,14.71706957915258
10.85,15.395132016003005
10.86,15.42816871868321
10.87,14.079671728470322
10.88,13.763258494787326
10.89,14.078205658194435
10.9,13.6162215324894
10.91,15.996858892709398
10.92,14.3719977254609
10.93,13.838215280457137
10.94,14.944811678709275
10.95,14.114423039280874
10.96,13.99306847675824
10.97,15.25157709247843
10.98,15.424096270458111
10.99,16.638731063188235
11.0,14.348150118380099
11.01,15.299324794083152
11.02,16.647682978256004
11.03,16.47709141352958
11.04,16.167700212270088
11.05,17.335149805557606
11.06,17.523675810967763
11.07,17.833830253957768
11.08,18.314305800428738
11.09,17.470148879201883
11.1,18.258908431224203
11.11,18.241860961761784
11.12,17.09414803698912
11.13,19.01346012183597
11.14,18.135101859167605
11.15,18.93881853653485
11.16,18.09875259210619
11.17,18.395024691535234
11.18,18.38053686431935
11.19,18.544175358810037
11.2,18.040871719127026
11.21,20.92773944764581
11.22,18.57976393291021
11.23,18.980045595657092
11.24,19.32535980367406
11.25,18.34075472203726
11.26,18.823644486444397
11.27,21.457396789904127
11.28,20.92956408902761
11.29,21.047065792670484
11.3,19.571660595403724
11.31,20.013462267706107
11.32,22.235491609575206
11.33,20.192659679624157
11.34,20.054464201432392
11.35,20.687815802045716
11.36,19.95556556294069
11.37,21.1990726618023
11.38,21.65935289993142
11.39,21.468729935672382
11.4,20.179562673432354
11.41,21.654438044259326
11.42,21.967078038242352
11.43,22.95100069979583
11.44,21.661376005464543
11.45,20.579846522277872
11.46,21.651312095060245
11.47,21.218592259033866
11.48,21.713889481360365
11.49,23.23740875042359
11.5,20.71487686908233
11.51,21.241458146098328
11.52,21.56688560053362
11.53,20.88044523702021
11.54,22.351990852168495
11.55,23.495151548178093
11.56,23.65512981144716
11.57,21.945783236718334
11.58,22.805012207426188
11.59,23.156834373283356
11.6,24.208561061930475
11.61,22.39534497860893
11.62,22.427058209537844
11.63,23.93944767020202
11.64,23.328300337861684
11.65,22.89654819287761
11.66,23.819735953639967
11.67,24.198212449307796
11.68,23.146510724350367
11.69,21.759881396939136
11.7,20.691454453300487
11.71,19.16275350139845
11.72,17.845509226881585
11.73,19.068100498044565
11.74,19.348565721522306
11.75,16.591714105555695
11.76,16.387288240612182
11.77,17.126791090845433
11.78,18.339431859331118
11.79,16.361731980332788
11.8,16.97758273234639
11.81,18.685895679477852
11.82,18.637940956082595
11.83,17.912122649063864
11.84,16.91192052529229
11.85,19.1961219266135
11.86,17.661787126128228
11.87,17.0498302939401
11.88,17.296024882600214
11.89,18.47263741919945
11.9,17.67999925481394
11.91,20.790006747021074
11.92,19.115457291837803
11.93,17.18163345698525
11.94,18.76625404608169
11.95,21.126128438503038
11.96,22.095060955270103
11.97,20.16597454495589
11.98,21.063437957350594
11.99,22.684124284620108
12.0,20.860405296478895
12.01,22.988175897275408
12.02,21.668554723305792
12.03,24.801405620355368
12.04,23.335714606386013
12.05,22.262020848010703
12.06,21.683731381366876
12.07,22.085238633432642
12.08,22.794119124271443
12.09,24.068480422536357
12.1,22.01874804018142
12.11,23.027467739812245
12.12,22.114852948100435
12.13,22.47001043550747
12.14,22.633851050006797
12.15,23.66889638603059
12.16,23.29009018799248
12.17,23.985348838314064
12.18,22.97401167088298
12.19,23.355738128061528
12.2,24.566804318161793
12.21,24.325475400145656
12.22,24.398695583019094
12.23,24.783403387424283
12.24,24.598289169590586
12.25,25.076476796762915
12.26,26.624961160534603
12.27,26.536956188728915
12.28,24.365977246652022
12.29,24.603393545517473
12.3,25.244386094184826
12.31,25.65434633315272
12.32,27.274531456144025
12.33,26.550349858441695
12.34,26.35333579489341
12.35,25.62874840189042
12.36,25.876452927960845
12.37,25.217734579455954
12.38,24.19206726632128
12.39,27.116788850491172
12.4,26.59493980953719
12.41,27.71172525661412
12.42,27.1420688410231
12.43,27.468302365136886
12.44,27.571407875324503
12.45,25.53367951261568
12.46,27.691518177735915
12.47,27.868978770571196
12.48,25.31358819651601
12.49,26.304309768681357
12.5,27.377104827218876
12.51,27.466884327147227
12.52,28.425848637902988
12.53,28.040439811621834
12.54,25.666677848327364
12.55,28.1542979296488
12.56,28.1786393306732
12.57,27.229119260871165
12.58,26.429004520395257
12.59,28.082903196192603
12.6,26.530756036401897
12.61,24.222537031101723
12.62,22.90997202388755
12.63,22.704502729894582
12.64,22.995756826607288
12.65,22.184979724473312
12.66,22.04226896604671
12.67,20.602631619800405
12.68,21.730718726597868
12.69,22.033579299976676
12.7,18.709208777928676
12.71,20.250850349991683
12.72,19.503801723188985
12.73,19.288302310262953
12.74,19.54754257822017
12.75,20.889770648822687
12.76,18.490500503458883
12.77,19.705508616665135
12.78,19.544176484357866
12.79,20.622564972513636
12.8,19.698610473352637
12.81,20.674952584327507
12.82,21.43739010678712
12.83,23.774970564384873
12.84,24.303043991367353
12.85,21.946760203163898
12.86,22.317270160693305
12.87,23.722613828537206
12.88,23.652884010681706
12.89,22.67342407869567
12.9,22.936684209509508
12.91,24.202693372548794
12.92,24.837152256917978
12.93,25.805051299681608
12.94,26.640609168723607
12.95,25.719609350953565
12.96,24.923553371224383
12.97,26.42965341567104
12.98,27.27580238701947
12.99,26.224464338941747
13.0,25.664624781703022
13.01,26.618446184057337
13.02,26.759460926285495
13.03,27.396851695500246
13.04,26.523096740915438
13.05,27.107203304771915
13.06,28.15349131351856
13.07,26.701458266998422
13.08,28.617319351221564
13.09,27.371429500695616
13.1,28.60623824245384
13.11,28.091641588153273
13.12,28.25897077486139
13.13,27.001843322434386
13.14,28.945743236996528
13.15,29.150522428305198
13.16,28.035957520777917
13.17,28.50283492823638
13.18,27.246336064907336
13.19,27.910057464546966
13.2,29.485183101811117
13.21,29.445093650214453
13.22,28.884368466444453
13.23,31.68221680115397
13.24,30.89544431647971
13.25,28.726195552055273
13.26,29.08160073737823
13.27,28.612154530635845
13.28,28.375796982022123
13.29,28.577964499544237
13.3,30.05205571317034
13.31,31.016221018292107
13.32,30.72737011643435
13.33,31.199315785973372
13.34,30.77210854548379
13.35,30.371900580177936
13.36,31.090105063633857
13.37,32.1923181790118
13.38,32.47390913161053
13.39,30.938524691525082
13.4,30.5193938758306
13.41,31.343838108744578
13.42,31.41639371668074
13.43,32.22437797869099
13.44,32.08986209879196
13.45,30.196415690428623
13.46,29.767803813137753
13.47,26.4475603965224
13.48,25.541543063139585
13.49,25.882764980955976
13.5,26.45799705482477
13.51,24.65150551532828
13.52,23.227291733098173
13.53,23.742571314656594
13.54,21.662280177040643
13.55,22.306123810977883
13.56,21.53939587098676
13.57,21.49574776154649
13.58,22.541565223005634
13.59,19.639563721414028
13.6,22.551110565739815
13.61,22.32916303846709
13.62,21.757155989691647
13.63,21.47326336746499
13.64,22.646140179168334
13.65,24.235760433427615
13.66,24.058759063465683
13.67,24.87214977727882
13.68,24.429455694280346
13.69,24.06229468180553
13.7,24.82293709417347
13.71,25.10210688652797
13.72,25.147657010480117
13.73,28.898713356603523
13.74,27.760273338014173
13.75,28.00818678733068
13.76,26.766764576602235
13.77,27.07079290084587
13.78,27.926158562365067
13.79,28.5982399620688
13.8,28.28662387698902
13.81,29.245718336507586
13.82,27.819111418250486
13.83,27.84827211552379
13.84,30.333266123119515
13.85,30.002399094352903
13.86,29.4541874269919
13.87,30.136006778031593
13.88,30.767344094306377
13.89,29.058633734289813
13.9,30.27050042890924
13.91,30.74320891891154
13.92,30.301953371355953
13.93,30.770359034974675
13.94,30.446931870866372
13.95,32.058092869503575
13.96,29.61136573624787
13.97,32.14166299090847
13.98,31.968952254260824
13.99,31.84700911443845
14.0,31.323104484502032
14.01,31.9270764366576
14.02,32.152055871841924
14.03,32.93277910455403
14.04,32.17380176950733
14.05,31.052351668815135
14.06,31.62407281149037
14.07,32.80065381569504
14.08,33.252789198128234
14.09,33.38981138085172
14.1,31.77358535834432
14.11,32.475017737266356
14.12,34.91772701901496
14.13,33.49840563146774
14.14,32.09938245315044
14.15,32.9838345386376
14.16,33.943311816692436
14.17,33.907746109162744
14.18,33.85843764999279
14.19,32.41707978492149
14.2,33.60458076819182
14.21,33.048023289871054
14.22,35.68143996437178
14.23,32.132443790263565
14.24,33.764029045354704
14.25,33.32437406531417
14.26,35.65609499959937
14.27,32.54779311105921
14.28,32.08706314736326
14.29,28.18168883662003
14.3,26.867767669244916
14.31,26.533072956637724
14.32,27.48807498914569
14.33,26.081713246304414
14.34,22.897011970859353
14.35,22.17648541016664
14.36,23.62100683817967
14.37,24.940070459233983
14.38,24.06354884122687
14.39,22.335653688445117
14.4,22.886384702165344
14.41,23.79325770398433
14.42,23.92863927846363
14.43,22.447220815226363
14.44,23.81289748890526
14.45,23.85093850777998
14.46,24.8413620793461
14.47,25.375965761645524
14.48,24.714891411739764
14.49,26.99709732479321
14.5,27.204383610058656
14.51,26.3925612569834
14.52,30.311185022662997
14.53,28.704084788932303
14.54,28.073855216843214
14.55,28.076886537721823
14.56,29.50198139515067
14.57,28.053488543387623
14.58,31.34806871976077
14.59,29.21867929102756
14.6,31.423605964703693
14.61,31.17401852284946
14.62,30.62873054410813
14.63,29.83432396765524
14.64,29.68727943348745
14.65,30.700178360904456
14.66,32.54260033856653
14.67,32.11692820703747
14.68,33.08498819601359
14.69,31.77176714580126
14.7,32.22663661242795
14.71,33.289893732197655
14.72,32.96252763921444
14.73,33.039247978572746
14.74,33.818125656553875
14.75,32.2652483849653
14.76,34.21637238797818
14.77,34.87481455211502
14.78,32.151004884803726
14.79,34.15637585363057
14.8,33.70534734836269
14.81,35.58894548142207
14.82,34.787606504009744
14.83,32.73307753198199
14.84,33.79937097434647
14.85,34.947359803059896
14.86,32.74173125388374
14.87,34.53094287149845
14.88,34.924793879497095
14.89,35.475250946182776
14.9,34.93890656319158
14.91,35.506039713047336
14.92,36.48629208361532
14.93,34.9886843315987
14.94,35.92179738527898
14.95,33.87328637499823
14.96,35.79788847077731
14.97,35.21756827158674
14.98,36.228230344690346
14.99,37.074547848184956
15.0,35.79331805872363
15.01,35.405630899013
15.02,35.68868979507283
15.03,36.3038526733776
15.04,35.3609198765789
15.05,35.521727489995534
15.06,33.19535820952963
15.07,31.23420131908317
15.08,29.335670012578134
15.09,26.80005003816681
15.1,28.32873430010272
15.11,27.555379930321738
15.12,25.20881149532753
15.13,24.37966811969209
15.14,24.60072527207534
15.15,25.35366988990684
15.16,26.034461287706197
15.17,23.50175168102627
15.18,24.47852054820728
15.19,23.017404780501987
15.2,25.22494894931855
15.21,23.48141928222389
15.22,26.03388086426303
15.23,25.949698116804313
15.24,24.191526769288448
15.25,25.530185878041827
15.26,27.807816804330848
15.27,26.41639297727626
15.28,29.12445848598367
15.29,30.089993378568384
15.3,30.538912813133006
15.31,30.485491186234288
15.32,29.991572695774455
15.33,28.64424369919368
15.34,31.213832197236044
15.35,33.11805363891893
15.36,30.730199309079577
15.37,32.92590372945849
15.38,32.56465941390078
15.39,32.86308045067993
15.4,31.853381998270347
15.41,32.99262442376336
15.42,32.2777507509632
15.43,33.398097630773066
15.44,35.07158792341703
15.45,34.87759053090988
15.46,32.28976990120309
15.47,34.69508921865217
15.48,34.13115999870963
15.49,33.71429480163877
15.5,32.49401837341881
15.51,36.254867536543436
15.52,34.20807591850734
15.53,33.923399939956774
15.54,35.32839653556291
15.55,36.16249357213998
15.56,34.13623370932945
15.57,35.71076075008634
15.58,35.76309621596938
15.59,34.9363756263302
15.6,35.751879858719896
15.61,36.800507118681324
15.62,36.27974302883077
15.63,35.428823738302825
15.64,35.03169871776446
15.65,38.52908314967423
15.66,35.369891560334324
15.67,36.24676032480799
15.68,37.85756227780552
15.69,37.52444534407322
15.7,37.594987816563226
15.71,37.2699108367902
15.72,37.216341699611185
15.73,37.647573655612305
15.74,37.07286844346831
15.75,39.363148810347134
15.76,35.6631393093717
15.77,36.72962075955064
15.78,38.75569743681862
15.79,38.8709841022681
15.8,38.62022011084253
15.81,38.41199384307702
15.82,33.78854387102382
15.83,31.524342749252238
15.84,28.715863239092098
15.85,28.83482477353435
15.86,28.27398962265754
15.87,27.416121093819548
15.88,26.27227818408268
15.89,25.839627339608253
15.9,23.539773199682173
15.91,24.94905750207612
15.92,24.50882130376054
15.93,26.06676658101496
15.94,25.87124048682939
15.95,23.25606748545805
15.96,26.452522340120673
15.97,24.297295877123418
15.98,26.475509892323213
15.99,28.03808833450484
16.0,26.548003979738237
16.01,27.5660538773119
16.02,28.419169957077692
16.03,29.929474473975453
16.04,29.953340691207075
16.05,28.95428071108966
16.06,29.592962327038418
16.07,30.04872466388372
16.080000000000002,30.419756283489107
16.09,32.36497284126307
16.1,31.9504043830206
16.11,33.73616811642771
16.12,32.48527281386911
16.13,31.312038705468158
16.14,31.96462330205289
16.15,33.39609279731011
16.16,34.14547880224008
16.17,34.418286413943626
16.18,33.10067461166162
16.19,35.74442704292313
16.2,35.22872401525922
16.21,35.61078981492057
16.22,33.92721953050613
16.23,35.33101987546085
16.240000000000002,34.09070821908526
16.25,34.970398311429484
16.26,36.07114382985442
16.27,34.57454363372237
16.28,36.50264216803021
16.29,35.28782330347719
16.3,35.5458261601309
16.31,37.56607325458722
16.32,36.09186274318154
16.330000000000002,36.630267445751606
16.34,38.73162915841232
16.35,37.33635249696715
16.36,36.445120412726084
16.37,37.374516289103745
16.38,39.313957139581724
16.39,37.7909003138423
16.4,36.51995569342182
16.41,38.5303414873942
16.42,38.703657362352715
16.43,38.15852181667709
16.44,37.58857979073655
16.45,37.81113604113777
16.46,39.24579209996116
16.47,38.05548757695834
16.48,38.06343315932817
16.490000000000002,38.684934588497114
16.5,39.76036432735639
16.51,39.12253497623184
16.52,39.01423163345409
16.53,38.332209106665125
16.54,38.91441241345144
16.55,41.94168039293015
16.56,34.298714040082345
16.57,32.17042479746171
16.580000000000002,30.526638444460975
16.59,30.54829262106349
16.6,28.15399307955529
16.61,28.615757773813193
16.62,26.302962085321063
16.63,25.665275526799178
16.64,25.020144567771744
16.65,25.41415225449718
16.66,26.458646154499064
16.67,25.788434151106678
16.68,25.054141645693836
16.69,25.09416531961722
16.7,26.804901296305317
16.71,26.819895435631743
16.72,26.558691819142908
16.73,26.689554079168055
16.740000000000002,29.110630530260458
16.75,26.25137769943081
16.76,29.70544395428166
16.77,30.17286687768686
16.78,29.284231358573194
16.79,31.18122321378059
16.8,32.79576883497219
16.81,31.439827766550827
16.82,33.18301410902392
16.830000000000002,31.991191707888515
16.84,32.28020524761459
16.85,33.371435507993986
16.86,33.642027181002376
16.87,35.124108158995035
16.88,34.2060281935401
16.89,35.450719474481495
16.9,36.04666286740097
16.91,35.254836617484116
16.92,34.44281708656604
16.93,35.01453144069025
16.94,36.75058929974321
16.95,36.81132938121097
16.96,34.604564039260666
16.97,36.531782360702884
16.98,36.34218516050865
16.990000000000002,37.051006931143945
17.0,36.66051619214794
17.01,37.507761849862995
17.02,37.454378058552074
17.03,37.717516526177434
17.04,37.47740436421702
17.05,37.06755445177582
17.06,39.998711203795104
17.07,37.43866470284473
17.080000000000002,37.3057861833364
17.09,37.851789202009854
17.1,37.21876924364901
17.11,39.92827284047837
17.12,38.35800234590551
17.13,38.839063803538686
17.14,39.12512332907748
17.150000000000002,39.28316904655105
17.16,38.82624126522683
17.17,38.678251737230234
17.18,38.011662371680686
17.19,38.34819721760529
17.2,39.74185418216043
17.21,39.329097780946
17.22,40.34494573938502
17.23,40.925924105682036
17.240000000000002,40.48438119411559
17.25,39.83542426552265
17.26,40.02886058416878
17.27,40.119349780220894
17.28,39.483908475961634
17.29,34.26713109913542
17.3,31.30272914825636
17.31,29.34135580004677
17.32,28.962583783892885
17.330000000000002,30.619003626710274
17.34,28.633878874893593
17.35,26.10347466831013
17.36,25.164456959963996
17.37,24.061738511591898
17.38,24.100649133388693
17.39,26.184301997026232
17.400000000000002,27.450684664245145
17.41,27.476858571692368
17.42,25.554519814429316
17.43,27.287781455248417
17.44,25.838396822969187
17.45,27.256609281432983
17.46,28.411048534000724
17.47,30.77226472758552
17.48,30.754476407281267
17.490000000000002,31.767939106842274
17.5,30.85384562301288
17.51,31.39266941506832
17.52,32.847827161241256
17.53,30.853002608456784
17.54,31.896801142222376
17.55,33.323564337790685
17.56,33.482329287534554
17.57,34.03116163936937
17.580000000000002,34.58403503886951
17.59,32.9277870333895
17.6,33.29546438087123
17.61,34.8082786408891
17.62,34.46388843735672
17.63,35.659753800254556
17.64,35.34497378017361
17.650000000000002,35.348879741215804
17.66,35.839961396943
17.67,36.748050185591445
17.68,37.80116288745566
17.69,36.27866134718211
17.7,36.74312700310418
17.71,38.51618916662495
17.72,35.74551453958554
17.73,37.979020856923334
17.740000000000002,37.71365833107925
17.75,39.055153518429954
17.76,37.58495640677441
17.77,37.716802032667225
17.78,36.8737717364375
17.79,38.01761593934598
17.8,40.550090051159195
17.81,38.91463668575663
17.82,39.27948582223573
17.830000000000002,40.956923145953624
17.84,39.70572596036742
17.85,38.71224127827119
17.86,40.141635425474576
17.87,38.961223828926826
17.88,38.31336913884247
17.89,38.95837467174606
17.900000000000002,40.027802764695835
17.91,39.28851537082352
17.92,39.31411929628334
17.93,43.9328643591265
17.94,39.90910042703307
17.95,39.31272711188739
17.96,40.421957031856806
17.97,40.92697909131205
17.98,41.87957233172065
17.990000000000002,42.79976370054152
18.0,35.59719575443348
18.01,32.00497401976334
18.02,31.649242805318938
18.03,29.368841165530615
18.04,28.345184445155265
18.05,30.751980984011357
18.06,28.67301070349859
18.07,27.334270059087988
18.08,26.084142347129006
18.09,25.188591970143094
18.1,26.15733735617584
18.11,26.370487253645607
18.12,26.585126457472352
18.13,25.64937351757418
18.14,25.80342510047969
18.15,26.194498117572216
18.16,27.221216362307818
18.17,27.4683861358574
18.18,30.521243563340054
18.19,29.93604376664751
18.2,29.488856684195238
18.21,32.09946691726962
18.22,32.907319928429615
18.23,31.06095898687229
18.24,32.58352659757548
18.25,33.832898443049125
18.26,33.429575159151156
18.27,33.0472865710703
18.28,34.89883575042672
18.29,33.7136168059781
18.3,35.19476024133945
18.31,35.09259993237723
18.32,34.42643911844159
18.33,34.912623156921256
18.34,35.10610736488114
18.35,36.77561991357149
18.36,36.397735418610466
18.37,36.01112348634634
18.38,37.086557850090664
18.39,37.525129768496136
18.4,36.23140958453157
18.41,37.1695543364362
18.42,38.71040523815164
18.43,37.90957236284075
18.44,38.97677552550289
18.45,39.132522338145726
18.46,38.88200148896016
18.47,38.60040782753993
18.48,39.59588828863647
18.49,38.280513483410104
18.5,39.38712024273754
18.51,38.27202500000464
18.52,38.32094211215417
18.53,39.287426019439685
18.54,39.05221999870495
18.55,39.0146345053367
18.56,40.42867770736717
18.57,39.358562933493054
18.58,39.424159502548555
18.59,39.25203806207354
18.6,40.7524650744491
18.61,39.21693241594625
18.62,40.208238195892356
18.63,41.21274857035656
18.64,40.276215213459174
18.65,42.27054482068382
18.66,41.82431763244928
18.67,40.24095597599883
18.68,41.93396703064166
18.69,41.01758161838603
18.7,40.38260547910928
18.71,34.21270017132595
18.72,32.98086559439845
18.73,29.627355908504963
18.74,29.84401930710061
18.75,29.919280662721672
18.76,28.664885441366028
18.77,26.581415915094677
18.78,25.425274722357806
18.79,25.097739189219375
18.8,26.660220640287715
18.81,25.978608886729617
18.82,27.03992831820088
18.83,26.171233685864898
18.84,26.68460562389234
18.85,28.11301606780893
18.86,28.16581685365781
18.87,29.804384104090424
18.88,27.77737591839433
18.89,29.614688473069695
18.9,29.12026165366248
18.91,30.353123441692155
18.92,32.636050637280185
18.93,31.734868271182837
18.94,34.41342005754431
18.95,32.20644442660162
18.96,31.45704823771613
18.97,33.91031191614749
18.98,34.85481492132261
18.99,35.89784678986338
19.0,34.119909466201904
19.01,35.48965783687819
19.02,36.22703874509091
19.03,37.4969677172723
19.04,36.03924193540528
19.05,34.29558325494407
19.06,36.63267971053639
19.07,36.42542325087929
19.08,36.443460147900694
19.09,37.105929044493806
19.1,37.50845393323408
19.11,38.10115054661434
19.12,38.171408788304156
19.13,37.48656250275062
19.14,37.459812442758654
19.15,38.86672609699252
19.16,38.89751825922947
19.17,38.531659609696426
19.18,38.268305220978704
19.19,38.85603344025569
19.2,38.85748414985952
19.21,39.176364540901666
19.22,38.74916188445772
19.23,39.533363843864656
19.24,41.01200697296572
19.25,38.88647169684815
19.26,40.10473899853566
19.27,39.36559755293052
19.28,40.65320115387285
19.29,41.228573523324286
19.3,40.66703989623889
19.31,40.18682954109902
19.32,41.02531927955387
19.33,39.529138185563546
19.34,39.3366329348085
19.35,41.65711610168758
19.36,41.78545129557519
19.37,41.0743256915021
19.38,42.11051089738395
19.39,37.78131974199543
19.4,34.25949517622442
19.41,31.2159843729184
19.42,28.705118876805372
19.43,29.83476918027772
19.44,29.876760110350272
19.45,25.7826091213249
19.46,27.745600633956638
19.47,24.40668336013787
19.48,25.021053768412944
19.49,26.09227708143546
19.5,28.53329178045897
19.51,25.50449393780537
19.52,25.382124473131213
19.53,26.656201368447196
19.54,27.39020657962015
19.55,29.073941062336782
19.56,29.783148539224
19.57,27.99120316898573
19.58,30.01215752641748
19.59,30.317679626149275
19.6,31.23245526120274
19.61,32.60819591638535
19.62,32.56108088268783
19.63,32.86388280162542
19.64,31.393037718752037
19.65,33.48408636245368
19.66,34.48145277548287
19.67,35.15736508906597
19.68,34.98240414845757
19.69,35.952049596969694
19.7,35.864400314000825
19.71,36.02788247998928
19.72,36.746234054333684
19.73,35.35577354469248
19.74,34.60706347875781
19.75,38.388978443425486
19.76,37.83491889308639
19.77,37.276956710964846
19.78,36.77787189038351
19.79,37.88351748020732
19.8,38.41669067775774
19.81,39.16278862016664
19.82,38.23569313040843
19.83,38.53933968557628
19.84,38.35887784033238
19.85,38.95943421490962
19.86,37.83121465368897
19.87,39.57542268583284
19.88,39.86214843245386
19.89,39.192313960388105
19.9,39.8837931361402
19.91,38.11655221548995
19.92,39.22364224306915
19.93,39.9076114503502
19.94,39.97671745050742
19.95,41.52763128527552
19.96,38.27650058179797
19.97,39.92535285502597
19.98,40.42123718869171
19.99,40.321696239472786
20.0,41.023251123788235
20.01,40.80592865639908
20.02,40.45944434773838
20.03,40.28089920199871
20.04,41.01992796292357
20.05,40.90174446097364
20.06,39.58809890591059
20.07,38.37083951360096
20.08,34.66766398039858
20.09,30.337607625976357
20.1,29.240981842813255
20.11,28.995282836651302
20.12,27.084626443745357
20.13,26.171647297531262
20.14,26.19114535285368
20.15,23.71126446156246
20.16,23.613465745664836
20.17,23.858319491553715
20.18,25.838211213432913
20.19,26.057085863209636
20.2,26.22601697573717
20.21,24.771236269263703
20.22,23.45953298855353
20.23,24.418980791141195
20.24,25.92333644833341
20.25,28.894682989774974
20.26,27.05638605358701
20.27,28.33266854106132
20.28,29.990465269214766
20.29,28.642722558105305
20.3,28.335272742001848
20.31,30.29239779440001
20.32,29.516760715806825
20.33,29.906846241587854
20.34,28.823031646618343
20.35,29.396710183570537
20.36,29.86547336810647
20.37,31.020515450795777
20.38,31.322078901797333
20.39,30.769288629991483
20.4,30.423323169736744
20.41,32.02948803020253
20.42,31.36429878970743
20.43,30.386246776491728
20.44,32.204692560726386
20.45,31.963396184199937
20.46,31.538580090912685
20.47,30.513867352121377
20.48,31.075913767723577
20.49,31.61797872046523
20.5,33.18269593414725
20.51,32.775919026509875
20.52,34.81602763876228
20.53,31.118811569454344
20.54,31.39212388290085
20.55,32.04664649453155
20.56,32.88940621015656
20.57,31.991834387776354
20.58,31.49150489216046
20.59,32.354818895667876
20.6,33.20696741935342
20.61,31.377154274834517
20.62,33.77840955093823
20.63,32.214369006766326
20.64,32.36303977552023
20.65,33.05498333328131
20.66,33.31245194821629
20.67,33.44526224748906
20.68,31.933234327179857
20.69,31.940881836200365
20.7,31.972131318207538
20.71,32.887060070052996
20.72,31.510126184688698
20.73,31.517576869311043
20.74,32.2180412864438
20.75,31.46111982626522
20.76,30.897964575730366
20.77,27.52572564948965
20.78,24.154362227210775
20.79,24.297964525466437
20.8,22.380067661857012
20.81,23.7938371361264
20.82,21.698139799882096
20.83,19.995601162426368
20.84,20.36006552646566
20.85,18.902628266159894
20.86,20.7651573858608
20.87,20.95497805988506
20.88,22.33179590346067
20.89,20.3823459342237
20.9,19.813066474547945
20.91,19.893865221939908
20.92,20.559385174962134
20.93,21.25362380997169
20.94,22.415436484468948
20.95,21.444081648377217
20.96,22.383508108552867
20.97,23.2553958164098
20.98,22.398033145599534
20.99,25.378466500084766
21.0,25.751159357700434
21.01,23.009958036993265
21.02,27.169032451045464
21.03,23.987722849022788
21.04,25.07906757087107
21.05,24.787369886815032
21.06,25.166483508429323
21.07,25.813173332199067
21.08,27.243029922751212
21.09,26.908690356586344
21.1,24.932222132843634
21.11,26.1195182539983
21.12,26.192497635690977
21.13,26.875680777467796
21.14,26.13086752117186
21.15,27.40460019642041
21.16,25.736902056660274
21.17,26.346261550958474
21.18,25.961147561159603
21.19,26.74351780679771
21.2,25.75381453260626
21.21,27.371406178570425
21.22,27.467642595141328
21.23,26.72441623290837
21.24,24.70820417019066
21.25,25.482884003395935
21.26,27.357203344594666
21.27,28.602157672810723
21.28,26.098327155763105
21.29,27.55122140577845
21.3,27.153594530067565
21.31,27.062682780932207
21.32,26.191675104156726
21.33,26.731670031399304
21.34,26.26374356806032
21.35,26.611863913965117
21.36,27.88572415613932
21.37,27.103939760459387
21.38,26.309842362966876
21.39,27.014044728178934
21.4,27.89155003690118
21.41,25.83147266384459
21.42,26.843655198587506
21.43,26.763177549954765
21.44,27.399861713027576
21.45,27.524316576685695
21.46,27.683175071405117
21.47,25.712523617327786
21.48,22.284147675267274
21.49,19.2604119305298
21.5,19.55933475088666
21.51,19.929189033688157
21.52,18.803287244431306
21.53,17.18783820555286
21.54,17.303388581175017
21.55,17.221968309513468
21.56,16.696672804292554
21.57,16.426630205819357
21.58,16.49184261937865
21.59,17.11431836609139
21.6,16.718873852469603
21.61,17.231394225804717
21.62,17.390338782568072
21.63,16.83172601920977
21.64,17.42302808435072
21.65,19.873926295738794
21.66,18.495618058692507
21.67,18.427321931321686
21.68,18.481120513494265
21.69,20.164293376570544
21.7,20.973866178269382
21.71,19.591611392603426
21.72,22.00939682970198
21.73,21.74538686835574
21.74,22.283509659976712
21.75,21.832276669257787
21.76,21.47094462448198
21.77,22.000454896835123
21.78,24.426836004671177
21.79,21.31406550955292
21.8,21.175391943026586
21.81,21.146808093109083
21.82,19.72247170556202
21.83,23.078262282613654
21.84,22.876057558413923
21.85,21.937143754184174
21.86,22.237276844949736
21.87,24.09243743232712
21.88,22.35114717392196
21.89,21.871129095146575
21.9,22.46449679329057
21.91,23.081970078346604
21.92,23.560412616484044
21.93,23.43864428723193
21.94,22.049707016403406
21.95,24.31669067052309
21.96,21.71034481234086
21.97,23.398048400894915
21.98,22.020396194315914
21.99,21.368819559261496
22.0,22.355293910172687
22.01,22.098989106339197
22.02,23.230140573889678
22.03,23.56842045906387
22.04,24.706137638789176
22.05,24.56733195085966
22.06,23.623930025929383
22.07,25.309174519637658
22.08,22.091594163105547
22.09,24.647384835443248
22.1,23.826711679901525
22.11,23.92236566477485
22.12,23.598038118036126
22.13,22.849311301032305
22.14,24.392443456062345
22.15,23.48571000674993
22.16,22.164400507145647
22.17,24.09221336819654
22.18,21.70286843974845
22.19,23.65542550505826
22.2,24.271592407446136
22.21,20.57187112231482
22.22,18.518719813109556
22.23,17.74693568603873
22.24,17.97714687003922
22.25,16.926808108628702
22.26,17.268136831748066
22.27,17.70194897718067
22.28,14.848585777054565
22.29,15.227939604467727
22.3,16.548225636333118
22.31,15.578569348161805
22.32,14.332855114558356
22.33,14.640700083464731
22.34,17.076320583878292
22.35,15.339856808067168
22.36,13.27027220289897
22.37,14.705553996071687
22.38,14.924519985789143
22.39,16.800420002635043
22.4,16.396819886599456
22.41,14.588643984051307
22.42,18.41503674380949
22.43,18.244722726597143
22.44,19.31633291354583
22.45,16.94980396757782
22.46,17.375863547372447
22.47,19.720293413069022
22.48,17.9047096857762
22.49,18.97694737582338
22.5,17.067112492115243
22.51,18.662453559771603
22.52,19.268669427346428
22.53,17.010466700175524
22.54,20.246625332013036
22.55,19.41664089232538
22.56,19.24322465615006
22.57,19.694635936060173
22.58,21.006966086012348
22.59,19.543169328346902
22.6,16.956244215609388
22.61,18.293941215442487
22.62,19.510388036122524
22.63,20.341136609090363
22.64,18.91625932043879
22.65,19.41238159239663
22.66,19.95915165962662
22.67,18.767464091579313
22.68,20.28609222993555
22.69,21.264890614975965
22.7,19.871155679848968
22.71,19.759039249308845
22.72,18.70693347420264
22.73,21.276076397772876
22.74,21.39316851814269
22.75,21.790716232891565
22.76,19.576850283671142
22.77,20.45953906849747
22.78,19.605991676364518
22.79,19.85262075307344
22.8,19.934772524140914
22.81,19.924642699481154
22.82,20.55864758275207
22.83,20.175155755597153
22.84,21.84424173069907
22.85,21.239619860505307
22.86,19.49916216038097
22.87,20.75336597709835
22.88,20.18914520448291
22.89,19.848396623271164
22.9,21.281036035864368
22.91,21.551929924853003
22.92,21.350206164387643
22.93,22.3328986418769
22.94,20.23029679374
22.95,20.772395823648743
22.96,21.06923767464343
22.97,20.564427151506912
22.98,19.459669777248557
22.99,18.281890509802658
23.0,17.71129797580131
23.01,16.24258860424272
23.02,14.934775237183143
23.03,15.001307648160715
23.04,15.946458766124364
23.05,13.240925877442296
23.06,12.564007313192185
23.07,14.39143193146274
23.08,14.487129103448588
23.09,12.95808268656884
23.1,14.64182204528586
23.11,14.686038506932862
23.12,12.655912703919457
23.13,14.103624225471664
23.14,12.836616039440184
23.15,13.811705081871494
23.16,13.788995625823619
23.17,15.047966267163368
23.18,13.631642634515373
23.19,16.46302842892233
23.2,16.603644061999166
23.21,15.520176778567068
23.22,16.821112262360895
23.23,16.504678943745894
23.24,15.897680461920185
23.25,17.784621946711162
23.26,18.11474448004504
23.27,17.921904794209482
23.28,14.940724677089133
23.29,18.676508129153632
23.3,17.874603742906135
23.31,16.674172129616213
23.32,16.77495315038291
23.33,18.248758162650564
23.34,17.206177496167378
23.35,17.960185801709365
23.36,17.531677612230222
23.37,17.813746794237595
23.38,18.154897199170655
23.39,19.328613276125175
23.4,17.19752281833911
23.41,18.013371622141833
23.42,18.557666019643097
23.43,18.565833939332542
23.44,17.42380898627857
23.45,20.16543910607054
23.46,18.85020701818792
23.47,18.109152664178055
23.48,18.805065028617296
23.49,19.394893913885074
23.5,18.526211016062295
23.51,17.85875690929521
23.52,18.949743802758107
23.53,17.299749810792118
23.54,19.057926314266545
23.55,19.74849863539858
23.56,18.89276868244925
23.57,18.207526629512294
23.58,18.462300763473547
23.59,18.80142506662287
23.6,18.107211170876226
23.61,18.819850923615455
23.62,18.86311238745093
23.63,18.379141974634305
23.64,17.868009315585606
23.65,18.776324133402593
23.66,19.217738864701822
23.67,17.66816440899464
23.68,18.8764425408473
23.69,19.52286541864523
23.7,18.631995408835017
23.71,17.91699102420321
23.72,19.37321024029966
23.73,20.617129750044576
23.74,18.26629531668071
23.75,19.31928570924168
23.76,20.220407421739832
23.77,18.610224159204243
23.78,17.736176813505033
23.79,16.061324199053384
23.8,14.887044681250437
23.81,15.872768540957555
23.82,11.841562662712626
23.83,14.800586538773015
23.84,12.645672480942626
23.85,11.946966152862219
23.86,12.72336603126771
23.87,13.922191465052867
23.88,12.372624352492078
23.89,13.217599817113298
23.9,12.874837731129542
23.91,13.697035784093014
23.92,14.110223530084104
23.93,13.719669412253674
23.94,14.284842586819558
23.95,13.831287906078796
23.96,13.89797069506548
23.97,12.883506831494199
23.98,14.313546002371137
23.99,14.732824755853454
24.0,14.560631426418563
24.01,12.412814581878203
24.02,15.335988177562452
24.03,16.646706682746903
24.04,16.078645847566836
24.05,15.659159342972998
24.06,15.795146853719594
24.07,16.3375917445707
24.08,17.209909556976783
24.09,16.70979690167197
24.1,15.596717353143381
24.11,17.126139979115862
24.12,15.598160934939333
24.13,16.5318958047929
24.14,15.738840588453126
24.15,17.358435898287944
24.16,15.537227646496556
24.17,17.991088929273946
24.18,18.023300826535575
24.19,17.975851666319837
24.2,17.496188136004175
24.21,16.932116771994977
24.22,17.93881752602406
24.23,16.268543720002018
24.24,15.685625080531125
24.25,15.655574078553432
24.26,17.612211333953294
24.27,18.271264449334275
24.28,18.103779458921505
24.29,17.140006946179216
24.3,17.427972085187225
24.31,17.38773090978062
24.32,15.7417246128125
24.33,18.559956908269854
24.34,17.302323711972278
24.35,17.490546162427023
24.36,16.29336046792685
24.37,18.6149150647444
24.38,18.00672233090945
24.39,17.751457423911983
24.4,16.945021066018946
24.41,17.731340783572413
24.42,18.51060973242462
24.43,17.576062859647216
24.44,16.62684364178262
24.45,19.275926455446953
24.46,17.631475432143663
24.47,19.459691255322912
24.48,16.683859892900152
24.49,17.64174961836697
24.5,17.212095703530085
24.51,18.41606607917289
24.52,17.7486819219071
24.53,18.608015237558643
24.54,17.68771166170265
24.55,16.423631885948538
24.56,18.31375155324881
24.57,17.780373823502476
24.58,17.527298936195717
24.59,16.782904387199224
24.6,16.59705467087988
24.61,16.700540289753302
24.62,15.415620184502608
24.63,13.171394053284146
24.64,13.581695986009654
24.65,14.304185210309303
24.66,12.983937899069907
24.67,12.498923117335659
24.68,11.69479609177204
24.69,12.265305418898267
24.7,12.2010591126213
24.71,13.961338203815327
24.72,11.125484498914231
24.73,12.496529588058811
24.74,12.508916322043916
24.75,13.342855203609602
24.76,12.320561343276497
24.77,12.864338528386604
24.78,12.786981826189818
24.79,14.132893512468009
24.8,13.025850158294434
24.81,15.276886217956209
24.82,13.930645442286373
24.83,15.141936294834561
24.84,13.142953222677566
24.85,15.473449019779569
24.86,15.44182411638637
24.87,12.405793057543356
24.88,14.867638457474387
24.89,14.99054449366954
24.9,14.558657377651343
24.91,14.826311350068513
24.92,16.62322139085846
24.93,15.547015675272549
24.94,14.971063418745528
24.95,16.836196290828923
24.96,16.043980818206443
24.97,16.349847324597874
24.98,15.474692870473897
24.99,15.31522017606978
25.0,15.808057576524545
25.01,16.093983182005022
25.02,15.548267216643977
25.03,15.615707808028382
25.04,15.763262854121692
25.05,16.393865709316323
25.06,16.739630832649663
25.07,14.563597038947503
25.08,16.00291254404415
25.09,16.335256269619002
25.1,15.894733829837802
25.11,15.7823462516554
25.12,15.38623363368246
25.13,15.932380336646188
25.14,17.353265849297184
25.15,14.644174839686034
25.16,15.657850698241715
25.17,16.951180856606634
25.18,15.744828221071867
25.19,16.63246753339693
25.2,17.788615415530273
25.21,16.050691900424038
25.22,15.722367853147764
25.23,15.324447585691612
25.24,17.18236229503168
25.25,16.75370149901234
25.26,15.977774303844097
25.27,17.253553428762913
25.28,17.422752144216005
25.29,15.336692011362866
25.3,15.562109302247721
25.31,16.57859927955953
25.32,17.85887743923848
25.33,17.691260987979327
25.34,16.83577025022642
25.35,16.162793512678377
25.36,18.397180226957058
25.37,17.42078366085957
25.38,15.625451649251753
25.39,17.129798320482255
25.4,15.447250070525172
25.41,19.04398360405085
25.42,17.36054788388824
25.43,17.938438072365503
25.44,18.021051738017814
25.45,16.31429757175324
25.46,15.82794956177209
25.47,14.351440637751
25.48,14.62641072805627
25.49,13.336246735985664
25.5,13.275323764861795
25.51,14.35422613092277
25.52,12.306318474969652
25.53,12.671810461669917
25.54,11.111169522336505
25.55,11.559740379793716
25.56,12.336918858935222
25.57,10.506006982521138
25.58,12.650017294843423
25.59,11.629687994906648
25.6,11.253807497676
25.61,12.593952669308223
25.62,10.618102542069856
25.63,12.154332314813129
25.64,12.699662936715683
25.65,12.900484293317362
25.66,13.732398519941167
25.67,12.025458770399666
25.68,13.260113145463835
25.69,13.273202719411147
25.7,13.304781119692835
25.71,13.921438233272616
25.72,12.832519117943923
25.73,13.063848398770341
25.74,14.084007712890694
25.75,15.510903352579657
25.76,13.78019000948909
25.77,15.469093879755254
25.78,15.044077052182868
25.79,15.666817442568387
25.8,13.940827669540024
25.81,15.477210518964469
25.82,14.314851179927592
25.83,15.026567278596827
25.84,14.845633232895915
25.85,15.62071292737842
25.86,14.88816251608616
25.87,15.054205596392128
25.88,14.517097053731353
25.89,14.598839572898422
25.9,16.309786008564647
25.91,15.915878517316473
25.92,13.26526837841682
25.93,15.13268037690914
25.94,15.840545986625099
25.95,16.202748105050716
25.96,16.105554947964652
25.97,15.77048045516512
25.98,15.551278268965156
25.99,15.793349758534976
26.0,14.295333540054358
26.01,16.214122263916902
26.02,17.165622861986122
26.03,17.189172144143544
26.04,15.560433878958051
26.05,15.362185661773566
26.06,15.183580284583616
26.07,16.419456981307047
26.08,17.303946519082402
26.09,15.893170966385567
26.1,15.750326537834711
26.11,15.652832728661785
26.12,15.627129628028836
26.13,15.969322977364447
26.14,15.87572768485293
26.15,16.49270048346052
26.16,17.382294555790917
26.17,15.724852087961423
26.18,14.723602896169606
26.19,16.081294502684727
26.2,16.28313049833411
26.21,16.794031448033472
26.22,16.861727823839374
26.23,16.835698554550024
26.24,16.5361236661143
26.25,15.77071991009813
26.26,15.875698150110432
26.27,14.698238407480472
26.28,14.379698655972216
26.29,17.633223827718517
26.3,15.86012357480305
26.31,16.702427445190224
26.32,16.449390311784587
26.33,17.684027365572724
26.34,14.702878405210866
26.35,13.677377810188434
26.36,12.789472553993075
26.37,13.667813373129585
26.38,14.434622031646406
26.39,12.606171078514421
26.4,13.224320202535894
26.41,12.317328738067083
26.42,12.650149120460961
26.43,10.918367415478558
26.44,11.126546806632174
26.45,12.937427558088222
26.46,10.807692394272324
26.47,11.442017399347163
26.48,11.940261648997794
26.49,11.425922362173166
26.5,9.765863184905896
26.51,11.402866601466497
26.52,11.362643095673917
26.53,11.44480594424644
26.54,11.690049181459441
26.55,12.744682768485713
26.56,12.284129255557433
26.57,13.45207522822273
26.58,12.989243583206854
26.59,14.699308848758628
26.6,12.675091895713239
26.61,12.17286238033391
26.62,12.80613971169587
26.63,14.988914668470109
26.64,13.169109324290064
26.65,13.04417596168997
26.66,14.153805754030977
26.67,15.009916419597523
26.68,15.146260498672888
26.69,14.701824814655993
26.7,15.173655480629815
26.71,13.901168059576994
26.72,14.13110535231753
26.73,12.889958999999966
26.74,12.969336947162432
26.75,12.901667992740268
26.76,13.752304746302931
26.77,14.669348058975185
26.78,14.54199581597248
26.79,15.704404099654313
26.8,14.977458238509485
26.81,15.144585852843585
26.82,15.048999967564287
26.83,15.196572762661534
26.84,16.368729457377857
26.85,14.403245545937713
26.86,15.677913696861355
26.87,15.984760500601743
26.88,14.982616651992625
26.89,14.771011366700264
26.9,14.960665325301798
26.91,17.13054034109638
26.92,14.433333708185579
26.93,15.899164206883235
26.94,14.024930377392966
26.95,16.2474027550289
26.96,15.643439727509168
26.97,15.69757352565141
26.98,15.106381229158679
26.99,16.677855702451115
27.0,15.698767177882976
27.01,16.123712387540486
27.02,15.257112258285565
27.03,14.2712174503274
27.04,14.422611929580068
27.05,14.37724338754114
27.06,16.321346743357427
27.07,15.372333929139947
27.08,15.448889294157548
27.09,16.339609337228953
27.1,15.49396106340935
27.11,16.387116873797876
27.12,14.940918799484129
27.13,17.310640046343806
27.14,16.75481521059767
27.15,16.92753128062923
27.16,16.53655038518205
27.17,15.643836666824518
27.18,14.361158989822169
27.19,16.22706489364409
27.2,16.954533645730027
27.21,17.27940737985023
27.22,14.881620305057492
27.23,16.592134416167468
27.24,15.913065589979855
27.25,16.35004116646497
27.26,15.200691224575392
27.27,14.779452829916082
27.28,13.401059197922063
27.29,13.18123495307685
27.3,12.984782834280509
27.31,13.498649042605713
27.32,10.711951168547738
27.33,11.269513954174801
27.34,13.023929681931024
27.35,11.772076696042566
27.36,10.628900164678317
27.37,11.812106208496495
27.38,11.57002413365613
27.39,10.997373323512631
27.4,10.362292396768794
27.41,12.743905194475579
27.42,11.938653052143973
27.43,9.693924744234632
27.44,12.796418393888054
27.45,12.0636812040704
27.46,10.961751096084495
27.47,13.08573268973568
27.48,13.85660347627427
27.49,12.005136153414231
27.5,13.880940791951698
27.51,13.187938697744507
27.52,13.130492601230845
27.53,11.985423849561485
27.54,13.383295505422645
27.55,13.097360412777293
27.56,13.131686196127255
27.57,12.298020624940422
27.58,13.729059284043819
27.59,13.685701557016799
27.6,14.841857021356791
27.61,14.433323286820622
27.62,13.833778835731398
27.63,13.29384727057122
27.64,13.630197126394862
27.65,13.300129495426805
27.66,13.65060776802499
27.67,13.381341344551275
27.68,13.49737797912252
27.69,12.871578384253613
27.7,14.923917140164988
27.71,14.623053066421386
27.72,15.058327098273491
27.73,15.483900523102982
27.74,14.211172339233952
27.75,14.724401620470646
27.76,13.449910660363598
27.77,13.078163245101832
27.78,14.30201051628286
27.79,12.918432005563483
27.8,14.103230584257764
27.81,15.379742490254076
27.82,12.169687222183626
27.83,14.456702814664741
27.84,15.277096085016911
27.85,13.301314592446975
27.86,14.111997132925891
27.87,14.745340576510054
27.88,13.888108148750868
27.89,15.293213493915497
27.9,15.501081132694903
27.91,15.048742653074925
27.92,14.49031988077043
27.93,16.82530317620984
27.94,15.614283933480936
27.95,15.819010805174779
27.96,14.47071078439117
27.97,14.619828642218192
27.98,14.971716256266959
27.99,14.587499081170266
28.0,14.151334702293697
28.01,16.41593976268738
28.02,15.695003116080548
28.03,16.37090306436109
28.04,15.60777709052199
28.05,14.478215916120417
28.06,16.566249685232414
28.07,16.76408158862912
28.08,14.566969711028928
28.09,16.565983659837432
28.1,13.999538647140161
28.11,15.233908191649162
28.12,15.132419339862345
28.13,15.741546899543296
28.14,14.988431307798637
28.15,14.803287959183887
28.16,16.219475730844504
28.17,15.704102163908576
28.18,15.395185487250599
28.19,13.574230141889526
28.2,12.147968977182314
28.21,14.066732864551481
28.22,11.88879930449688
28.23,13.080755251204346
28.24,12.769770021524517
28.25,12.966194557883457
28.26,12.150578956572323
28.27,11.097943095185844
28.28,12.8241527932761
28.29,12.304779759165617
28.3,14.39642390618236
28.31,9.65403398490189
28.32,11.247527330114677
28.33,10.787391467198006
28.34,10.502187490156468
28.35,10.293899920092652
28.36,12.78256115365663
28.37,10.33200957227901
28.38,11.15884876222023
28.39,12.853969253282477
28.4,10.01384020569695
28.41,12.659823520546357
28.42,11.920803786396926
28.43,12.620617567412342
28.44,13.246329111134402
28.45,12.887283976074437
28.46,12.83196867913191
28.47,14.393546749883123
28.48,14.204703538082214
28.49,12.647047432511512
28.5,15.20844321631497
28.51,13.04471436956906
28.52,13.316123680117501
28.53,14.03745167228344
28.54,12.981665479717517
28.55,13.297295745431454
28.56,13.046953613501081
28.57,14.107781752089881
28.58,14.569447544514436
28.59,13.722608454555713
28.6,14.80093380823695
28.61,14.503058462702805
28.62,14.1588813775087
28.63,14.173240107724485
28.64,13.259854612516513
28.65,13.138786937155928
28.66,14.045763271400048
28.67,16.3693784086074
28.68,15.44196380540479
28.69,14.026937322472273
28.7,14.885379552588066
28.71,15.126266205784678
28.72,13.536529592659532
28.73,13.700570958828338
28.74,14.761260618500462
28.75,13.956205466028837
28.76,15.856436249049668
28.77,15.371285679286041
28.78,13.872384700829823
28.79,14.017181558542667
28.8,14.821577779728905
28.81,14.662413695364634
28.82,14.721073915416445
28.83,15.553847886033807
28.84,15.707758869340502
28.85,16.379665519840923
28.86,15.62446273148015
28.87,15.079907181139417
28.88,14.654802120035306
28.89,15.287673342086773
28.9,13.58501009737239
28.91,16.607503187033714
28.92,15.10156039608797
28.93,16.122918724547894
28.94,16.169847857320573
28.95,16.65133522815999
28.96,15.624413296581942
28.97,16.043381712651307
28.98,16.9642504209203
28.99,13.95840464786637
29.0,14.883710620737709
29.01,15.0951398076954
29.02,16.44988148613127
29.03,17.014274431272007
29.04,15.220257635425972
29.05,15.911733739797075
29.06,15.741686658495178
29.07,15.98910258985948
29.08,14.302382998948945
29.09,14.683455241080381
29.1,15.231633669785214
29.11,16.41308116969481
29.12,12.263453836813408
29.13,11.41662487878711
29.14,12.918144833221536
29.15,13.397020331755904
29.16,13.91124794742081
29.17,13.57168862274398
29.18,13.061766041514884
29.19,10.70968690447483
29.2,10.904547386180779
29.21,11.16135317725815
29.22,11.290634189589326
29.23,11.431212971340807
29.24,10.706094899325615
29.25,11.895225546262486
29.26,10.063063672779123
29.27,9.65830344346591
29.28,10.400682721757034
29.29,12.465758310193351
29.3,11.196102928351543
29.31,10.799406555767721
29.32,10.499125168258999
29.33,10.365551581757387
29.34,11.93225945796378
29.35,11.91103240695442
29.36,13.265261779564584
29.37,13.024912041889413
29.38,11.04040812524571
29.39,12.484041137757925
29.4,13.45000245465632
29.41,12.975699566585545
29.42,13.163493614687008
29.43,12.233508971907405
29.44,13.163294379713784
29.45,13.567433076847916
29.46,12.304947507732491
29.47,12.998105035918682
29.48,13.551153512130808
29.49,14.769207964764961
29.5,12.962011120090187
29.51,14.08023269120481
29.52,14.21151360284851
29.53,13.654249513164213
29.54,15.470481163465596
29.55,13.11117915635278
29.56,15.213188103427388
29.57,14.296228633714067
29.58,13.381493244295081
29.59,14.707211630419422
29.6,13.266581732953798
29.61,13.088611159794176
29.62,15.15250203869
29.63,14.53497970954701
29.64,16.327721539415307
29.65,14.367204422274218
29.66,14.331314647831418
29.67,14.72470441274684
29.68,14.12170536915912
29.69,14.981884874944628
29.7,13.456805829040155
29.71,14.239197413467984
29.72,15.365816435157244
29.73,14.496636831114628
29.74,15.339330004926014
29.75,14.793324491481359
29.76,13.707006649820034
29.77,15.404678287546115
29.78,14.833212720924967
29.79,13.504407667298409
29.8,15.088081193124268
29.81,13.16526840960914
29.82,14.993261360738673
29.83,16.15458805409658
29.84,16.310803510383245
29.85,14.836689743472672
29.86,14.606724262624246
29.87,14.287486686664593
29.88,15.375236106199253
29.89,13.806696328252997
29.9,14.612367163738181
29.91,13.60390310382089
29.92,15.350920346526008
29.93,16.987494647853886
29.94,16.715398291678042
29.95,16.38989146517383
29.96,15.50718450256201
29.97,15.192967844681718
29.98,16.691383129879842
29.99,16.268392419601252
30.0,14.745458511461084
